{"Euryarchaeota": [0.18995, 0.07176, 0.23217, 1.0], "Halobacterota": [0.22875, 0.17481, 0.47578, 1.0], "Micrarchaeota": [0.25853, 0.28492, 0.693, 1.0], "Nanoarchaeota": [0.27334, 0.38008, 0.84037, 1.0], "Acidobacteriota": [0.24427, 0.60937, 0.99697, 1.0], "Actinobacteriota": [0.20021, 0.67842, 0.96833, 1.0], "Armatimonadota": [0.15844, 0.73551, 0.92305, 1.0], "Bacteroidota": [0.11639, 0.7974, 0.85559, 1.0], "Bdellovibrionota": [0.09377, 0.85175, 0.78264, 1.0], "Caldatribacteriota": [0.10342, 0.896, 0.715, 1.0], "Caldisericota": [0.15323, 0.93151, 0.64308, 1.0], "Campylobacterota": [0.22142, 0.95692, 0.56914, 1.0], "Chloroflexi": [0.32006, 0.97974, 0.47654, 1.0], "Cloacimonadota": [0.42778, 0.99419, 0.38575, 1.0], "Dependentiae": [0.53255, 0.99919, 0.30581, 1.0], "Desulfobacterota": [0.62233, 0.99366, 0.24579, 1.0], "Elusimicrobiota": [0.69525, 0.9761, 0.21294, 1.0], "FCPU426": [0.75617, 0.95121, 0.20343, 1.0], "Firmicutes": [0.82333, 0.91253, 0.20663, 1.0], "Hydrogenedentes": [0.88331, 0.86553, 0.21719, 1.0], "Myxococcota": [0.93301, 0.81236, 0.22667, 1.0], "Nitrospirota": [0.96931, 0.75519, 0.22663, 1.0], "Patescibacteria": [0.98986, 0.69382, 0.21043, 1.0], "Planctomycetota": [0.99654, 0.63193, 0.18738, 1.0], "Proteobacteria": [0.99297, 0.55214, 0.15417, 1.0], "SAR324_cladeMarine_group_B": [0.97837, 0.4692, 0.11817, 1.0], "Spirochaetota": [0.95398, 0.38836, 0.08362, 1.0], "Sumerlaeota": [0.92105, 0.31489, 0.05475, 1.0], "Synergistota": [0.88066, 0.25334, 0.03521, 1.0], "Thermoplasmatota": [0.83926, 0.20654, 0.02305, 1.0], "Thermotogota": [0.7826, 0.15693, 0.01264, 1.0], "Verrucomicrobiota": [0.71692, 0.11268, 0.00629, 1.0], "WPS-2": [0.64223, 0.0738, 0.00401, 1.0], "WS1": [0.55852, 0.04028, 0.00579, 1.0]}