{
  "Acetobacterium.1": {
    "correlation": 0.6483516483516484,
    "p_value": 0.012144222573105724
  },
  "midas_s_21122.1": {
    "correlation": -0.6247301505605988,
    "p_value": 0.016913660900440792
  },
  "midas_s_59647.1": {
    "correlation": 0.5856115339157473,
    "p_value": 0.02778062417897422
  },
  "midas_s_114219.1": {
    "correlation": -0.5692307692307692,
    "p_value": 0.03361941707727023
  },
  "Desulfovibrio.1": {
    "correlation": -0.5164835164835165,
    "p_value": 0.05863716344127844
  },
  "midas_s_52426.1": {
    "correlation": 0.5101225471219204,
    "p_value": 0.06236930232510692
  },
  "midas_g_72899.1": {
    "correlation": -0.5045894015560602,
    "p_value": 0.06575169346526552
  },
  "Methanobacterium_beijingense.4": {
    "correlation": 0.49890109890109896,
    "p_value": 0.06936352739715487
  },
  "Peptostreptococcales-Tissierellales.1": {
    "correlation": -0.4945054945054946,
    "p_value": 0.07224967403413257
  },
  "midas_s_5574.1": {
    "correlation": 0.48571428571428577,
    "p_value": 0.07827588645863327
  },
  "Soehngenia.2": {
    "correlation": -0.4819173223278755,
    "p_value": 0.08098519259256862
  },
  "midas_s_32633.1": {
    "correlation": -0.4648798412354759,
    "p_value": 0.09395694722305245
  },
  "midas_s_84729.1": {
    "correlation": 0.46373626373626364,
    "p_value": 0.09487633150889971
  },
  "midas_s_114924.1": {
    "correlation": -0.4584847861854557,
    "p_value": 0.0991785849443382
  },
  "midas_g_824.1": {
    "correlation": -0.4511389600546269,
    "p_value": 0.10542043624761502
  },
  "Methanobacterium_beijingense.17": {
    "correlation": 0.43780480359981033,
    "p_value": 0.11743127602422929
  },
  "Acetoanaerobium.1": {
    "correlation": -0.42857142857142855,
    "p_value": 0.1262738881593127
  },
  "midas_s_82500.1": {
    "correlation": -0.42033086326020497,
    "p_value": 0.1345363677178388
  },
  "Methanospirillum_hungatei.1": {
    "correlation": 0.4175029058560295,
    "p_value": 0.13745341474940045
  },
  "midas_s_99362.1": {
    "correlation": 0.410989010989011,
    "p_value": 0.14433266812460507
  },
  "Leptonema_illini.1": {
    "correlation": -0.4107200484084535,
    "p_value": 0.14462154251429282
  },
  "midas_s_538.1": {
    "correlation": 0.40213470073249474,
    "p_value": 0.15404513165603284
  },
  "midas_s_57020.1": {
    "correlation": 0.39803283945835943,
    "p_value": 0.1586870692981718
  },
  "midas_s_57644.1": {
    "correlation": 0.39701196569131636,
    "p_value": 0.1598564712959951
  },
  "midas_s_57644.2": {
    "correlation": -0.3966382181773065,
    "p_value": 0.16028600581364355
  },
  "midas_s_114539.1": {
    "correlation": -0.3942959909955345,
    "p_value": 0.16299507789101247
  },
  "midas_s_119547.6": {
    "correlation": 0.38676649560895987,
    "p_value": 0.1719060576197633
  },
  "Christensenellaceae_R-7_group.1": {
    "correlation": -0.386317230912031,
    "p_value": 0.17244754104668525
  },
  "Campylobacterales.1": {
    "correlation": -0.37786244453577716,
    "p_value": 0.18284457669620305
  },
  "midas_s_101116.1": {
    "correlation": 0.37748712277689894,
    "p_value": 0.18331524782858424
  },
  "midas_s_102854.1": {
    "correlation": -0.37142857142857144,
    "p_value": 0.1910208120436164
  },
  "midas_s_98644.2": {
    "correlation": 0.37139829048542505,
    "p_value": 0.1910598358964791
  },
  "midas_s_116071.1": {
    "correlation": -0.362654954681078,
    "p_value": 0.20254101348363884
  },
  "Lentimicrobium.1": {
    "correlation": -0.3626373626373627,
    "p_value": 0.20256454381724162
  },
  "Burkholderiales.1": {
    "correlation": -0.35739362170252725,
    "p_value": 0.20965545708453742
  },
  "midas_s_22101.1": {
    "correlation": -0.3528981044484074,
    "p_value": 0.2158571642415773
  },
  "midas_s_26433.1": {
    "correlation": 0.3496987840734832,
    "p_value": 0.22033978862475195
  },
  "Methanobacterium_beijingense.1": {
    "correlation": -0.3494505494505495,
    "p_value": 0.22068999774644735
  },
  "midas_s_38974.2": {
    "correlation": 0.34578461527953364,
    "p_value": 0.225902218354437
  },
  "Proteiniborus_ethanoligenes.1": {
    "correlation": -0.3456174735886784,
    "p_value": 0.22614166135364203
  },
  "midas_s_92454.1": {
    "correlation": 0.33223342436382114,
    "p_value": 0.24582579787487746
  },
  "midas_s_91084.1": {
    "correlation": 0.33092301043195393,
    "p_value": 0.24780727082984239
  },
  "midas_s_269.1": {
    "correlation": 0.3245064739661061,
    "p_value": 0.25764931818560743
  },
  "midas_s_46918.1": {
    "correlation": -0.3186813186813187,
    "p_value": 0.2667849608113615
  },
  "midas_s_1571.1": {
    "correlation": -0.3142857142857143,
    "p_value": 0.27380490296286775
  },
  "Syntrophorhabdus.1": {
    "correlation": -0.30881858233838233,
    "p_value": 0.28268739950680744
  },
  "midas_s_96264.1": {
    "correlation": -0.3054945054945055,
    "p_value": 0.2881698858754571
  },
  "midas_s_38974.1": {
    "correlation": -0.3010989010989011,
    "p_value": 0.2955144656072166
  },
  "midas_s_46586.2": {
    "correlation": 0.2980654065592777,
    "p_value": 0.3006459239807953
  },
  "Methanothrix_harundinacea.3": {
    "correlation": 0.29801614956070965,
    "p_value": 0.3007296696416732
  },
  "Ca_Caldatribacterium.1": {
    "correlation": 0.2967032967032967,
    "p_value": 0.30296672383870205
  },
  "midas_s_8128.1": {
    "correlation": -0.2967032967032967,
    "p_value": 0.30296672383870205
  },
  "Leucobacter.1": {
    "correlation": -0.2920711044411367,
    "p_value": 0.31093624303875345
  },
  "midas_s_14041.1": {
    "correlation": 0.2879120879120879,
    "p_value": 0.3181928710258003
  },
  "midas_s_20752.1": {
    "correlation": 0.2854653456366098,
    "p_value": 0.32250651295764177
  },
  "LNR_A2-18.3": {
    "correlation": -0.2843117947853943,
    "p_value": 0.3245516662387249
  },
  "Mycobacterium.1": {
    "correlation": -0.2839835763281307,
    "p_value": 0.3251349075756603
  },
  "midas_s_84394.2": {
    "correlation": 0.28136804168608165,
    "p_value": 0.3298038147735459
  },
  "midas_f_46203.1": {
    "correlation": 0.2792896329177484,
    "p_value": 0.3335406341531144
  },
  "midas_s_5996.1": {
    "correlation": -0.27912087912087913,
    "p_value": 0.33384507719455425
  },
  "midas_s_84394.1": {
    "correlation": 0.27679295157736494,
    "p_value": 0.33806067338827717
  },
  "Petrimonas_sulfuriphila.1": {
    "correlation": -0.2755725667328755,
    "p_value": 0.34028244267631136
  },
  "Thermovirga.4": {
    "correlation": 0.27406632470303777,
    "p_value": 0.34303579649902494
  },
  "midas_s_78044.1": {
    "correlation": -0.2722178614686481,
    "p_value": 0.3464315474476043
  },
  "midas_s_90665.1": {
    "correlation": 0.2719787938742503,
    "p_value": 0.3468720830082268
  },
  "midas_s_119364.1": {
    "correlation": -0.26153846153846155,
    "p_value": 0.3664111370667421
  },
  "midas_s_93169.1": {
    "correlation": 0.25869811957950295,
    "p_value": 0.3718277933162377
  },
  "midas_s_94642.1": {
    "correlation": 0.2508252342879179,
    "p_value": 0.38706495191873
  },
  "Halothiobacillus_neapolitanus.1": {
    "correlation": -0.24835164835164836,
    "p_value": 0.39191953893845743
  },
  "Methanobacterium.1": {
    "correlation": -0.24395604395604395,
    "p_value": 0.400624803916119
  },
  "midas_s_112429.1": {
    "correlation": -0.2323501988139251,
    "p_value": 0.42408690369856983
  },
  "midas_s_91583.1": {
    "correlation": 0.23076923076923075,
    "p_value": 0.4273358616774501
  },
  "midas_s_36575.1": {
    "correlation": 0.23076923076923075,
    "p_value": 0.4273358616774501
  },
  "Firmicutes.1": {
    "correlation": 0.23076923076923075,
    "p_value": 0.4273358616774501
  },
  "Pseudarcobacter.1": {
    "correlation": 0.2289030191410176,
    "p_value": 0.43118714740804964
  },
  "midas_s_876.1": {
    "correlation": -0.2279617093324333,
    "p_value": 0.43313632773734756
  },