{
  "midas_g_824.1": {
    "correlation": 0.9014308034611184,
    "p_value": 6.197844808662922e-05
  },
  "Syner-01.1": {
    "correlation": 0.8111888111888113,
    "p_value": 0.0013633152527271922
  },
  "Firmicutes.1": {
    "correlation": -0.7972027972027973,
    "p_value": 0.0019003677255282703
  },
  "midas_s_5996.1": {
    "correlation": 0.7762237762237763,
    "p_value": 0.0029928636801859797
  },
  "midas_s_46673.1": {
    "correlation": -0.7692307692307694,
    "p_value": 0.0034464502618274493
  },
  "midas_s_114539.1": {
    "correlation": 0.7315368266680953,
    "p_value": 0.006851727890981802
  },
  "Methanobacteriaceae.1": {
    "correlation": 0.7202797202797203,
    "p_value": 0.008239768712338441
  },
  "Pirellulaceae.1": {
    "correlation": 0.6993006993006995,
    "p_value": 0.011374198642690932
  },
  "midas_s_119364.1": {
    "correlation": 0.6993006993006995,
    "p_value": 0.011374198642690932
  },
  "Ochrobactrum.1": {
    "correlation": 0.6900185713132712,
    "p_value": 0.01301224318408305
  },
  "midas_s_102854.1": {
    "correlation": 0.6853146853146854,
    "p_value": 0.013905968814362752
  },
  "EBM-39.1": {
    "correlation": 0.6853146853146854,
    "p_value": 0.013905968814362752
  },
  "midas_s_38974.1": {
    "correlation": 0.6713286713286714,
    "p_value": 0.016831456186893395
  },
  "Desulfovibrio.1": {
    "correlation": 0.6503496503496504,
    "p_value": 0.022034190932365288
  },
  "Thauera.2": {
    "correlation": 0.6394357500510086,
    "p_value": 0.02516146421814621
  },
  "Propionicicella.1": {
    "correlation": 0.6013986013986015,
    "p_value": 0.03858845292201944
  },
  "midas_s_119547.6": {
    "correlation": 0.5991061679805668,
    "p_value": 0.0395331609447145
  },
  "midas_s_91453.1": {
    "correlation": 0.5954474980875943,
    "p_value": 0.041074783467649034
  },
  "Methanothrix.1": {
    "correlation": 0.5944055944055945,
    "p_value": 0.04152149441031855
  },
  "midas_s_49937.1": {
    "correlation": 0.5804195804195805,
    "p_value": 0.04785597684206058
  },
  "midas_s_360.1": {
    "correlation": 0.5804195804195805,
    "p_value": 0.04785597684206058
  },
  "midas_s_1571.1": {
    "correlation": 0.5594405594405596,
    "p_value": 0.05858947538856762
  },
  "Thiobacillus.1": {
    "correlation": 0.5534159099872935,
    "p_value": 0.0619578253998606
  },
  "LNR_A2-18.1": {
    "correlation": -0.5524475524475525,
    "p_value": 0.06251148327961512
  },
  "Leucobacter.1": {
    "correlation": 0.5458597866289098,
    "p_value": 0.06636933207698659
  },
  "midas_s_91583.1": {
    "correlation": 0.5384615384615385,
    "p_value": 0.07089431754922315
  },
  "midas_s_538.1": {
    "correlation": -0.5323790153241733,
    "p_value": 0.07476997191941541
  },
  "Soehngenia.2": {
    "correlation": 0.5299909662595385,
    "p_value": 0.07633046581569501
  },
  "midas_s_5446.3": {
    "correlation": 0.522465795773385,
    "p_value": 0.08139320909019908
  },
  "LNR_A2-18.2": {
    "correlation": -0.5174825174825175,
    "p_value": 0.08486877113393493
  },
  "Xanthobacter.1": {
    "correlation": 0.5075969817696987,
    "p_value": 0.09205840275675281
  },
  "Methanospirillum_hungatei.1": {
    "correlation": -0.5048421697039576,
    "p_value": 0.09413275622499581
  },
  "Acetoanaerobium.1": {
    "correlation": 0.5034965034965035,
    "p_value": 0.09515736659412469
  },
  "Syntrophobacter_sulfatireducens.1": {
    "correlation": 0.49650349650349657,
    "p_value": 0.10060263183225483
  },
  "midas_s_5149.1": {
    "correlation": 0.4868658954951507,
    "p_value": 0.10844282195191482
  },
  "Methanobacterium_beijingense.2": {
    "correlation": -0.4825174825174825,
    "p_value": 0.11210929146889191
  },
  "midas_s_96264.1": {
    "correlation": 0.4755244755244756,
    "p_value": 0.11817595701303213
  },
  "midas_g_72899.1": {
    "correlation": 0.4678798171104941,
    "p_value": 0.1250507804565163
  },
  "Lentimicrobium.1": {
    "correlation": 0.46153846153846156,
    "p_value": 0.13094806950717278
  },
  "midas_s_99172.1": {
    "correlation": 0.45534220441992507,
    "p_value": 0.13688243277260345
  },
  "Sphingopyxis.2": {
    "correlation": 0.45228382320681093,
    "p_value": 0.13987464746354122
  },
  "midas_s_93835.1": {
    "correlation": 0.44755244755244755,
    "p_value": 0.14458630130334754
  },
  "Acetobacterium.1": {
    "correlation": -0.44755244755244755,
    "p_value": 0.14458630130334754
  },
  "Desulfovibrio_sulfodismutans.1": {
    "correlation": 0.44414735904848635,
    "p_value": 0.14803958697524075
  },
  "Petrimonas_sulfuriphila.1": {
    "correlation": 0.4436729735785192,
    "p_value": 0.14852484474790698
  },
  "midas_s_91638.1": {
    "correlation": -0.4436729735785192,
    "p_value": 0.14852484474790698
  },
  "Comamonadaceae.1": {
    "correlation": 0.4366878293031278,
    "p_value": 0.1557882423242841
  },
  "midas_s_83426.1": {
    "correlation": -0.4366826975518732,
    "p_value": 0.15579366005207532
  },
  "midas_s_21122.1": {
    "correlation": 0.43356643356643365,
    "p_value": 0.1591057694121953
  },
  "Mesotoga_infera.1": {
    "correlation": 0.43356643356643365,
    "p_value": 0.1591057694121953
  },
  "midas_s_101116.1": {
    "correlation": -0.42958811727443924,
    "p_value": 0.1633986208085633
  },
  "midas_s_3064.1": {
    "correlation": 0.42958811727443924,
    "p_value": 0.1633986208085633
  },
  "midas_s_101322.1": {
    "correlation": 0.42109183539944467,
    "p_value": 0.17280996062804235
  },
  "Methanobacterium_beijingense.3": {
    "correlation": 0.41958041958041964,
    "p_value": 0.1745190081300594
  },
  "midas_s_14202.1": {
    "correlation": 0.41958041958041964,
    "p_value": 0.1745190081300594
  },
  "midas_s_32633.1": {
    "correlation": 0.41055638231372693,
    "p_value": 0.18494302424476403
  },
  "Desulfovibrio.2": {
    "correlation": 0.4054958414957615,
    "p_value": 0.190954089412698
  },
  "midas_s_114924.1": {
    "correlation": 0.39769784454391993,
    "p_value": 0.20045036272688277
  },
  "midas_s_8128.1": {
    "correlation": 0.3916083916083916,
    "p_value": 0.2080634636953532
  },
  "midas_s_1625.1": {
    "correlation": -0.37696540557896746,
    "p_value": 0.22708079999259426
  },
  "midas_s_22225.1": {
    "correlation": 0.3665058567365536,
    "p_value": 0.2412800118143723
  },
  "midas_s_46586.2": {
    "correlation": -0.3665058567365536,
    "p_value": 0.2412800118143723
  },
  "Gordonia.1": {
    "correlation": 0.3642737635359401,
    "p_value": 0.2443764872590352
  },
  "Stappia.1": {
    "correlation": 0.3636363636363637,
    "p_value": 0.2452650007307772
  },
  "midas_s_3679.1": {
    "correlation": -0.3636363636363637,
    "p_value": 0.2452650007307772
  },
  "Enterobacteriaceae.1": {
    "correlation": -0.3625568919060187,
    "p_value": 0.24677408192533515
  },
  "midas_g_75908.1": {
    "correlation": -0.3523689537951126,
    "p_value": 0.2612848191100979
  },
  "midas_s_5574.1": {
    "correlation": -0.34965034965034975,
    "p_value": 0.2652387868927897
  },
  "Petrimonas_sulfuriphila.2": {
    "correlation": -0.3471067595925146,
    "p_value": 0.2689693667618637
  },
  "Campylobacterales.1": {
    "correlation": -0.3396420980959014,
    "p_value": 0.28009099482626276
  },
  "midas_s_113358.1": {
    "correlation": 0.3380365512979194,
    "p_value": 0.28251685272908317
  },
  "Methanobacterium_beijingense.4": {
    "correlation": -0.3356643356643357,
    "p_value": 0.2861229029149875
  },
  "Ca_Caldatribacterium.1": {
    "correlation": 0.32867132867132864,
    "p_value": 0.2969041156887641
  },
  "midas_s_84837.3": {
    "correlation": 0.3245158409894736,
    "p_value": 0.30341713488801425
  },
  "midas_s_56159.1": {
    "correlation": 0.3216783216783217,
    "p_value": 0.30790987618065263
  },
  "Mycobacterium.1": {
    "correlation": 0.3172481136060617,
    "p_value": 0.31499780369140584
  },
  "midas_s_82500.1": {
    "correlation": -0.31690926684179943,
    "p_value": 0.31554360361640527
  },