{
  "midas_s_82500.1": {
    "correlation": -0.6855663812532755,
    "p_value": 0.0068015886224113515
  },
  "midas_s_52426.1": {
    "correlation": 0.6771133360900827,
    "p_value": 0.007812157331075638
  },
  "Peptostreptococcales-Tissierellales.1": {
    "correlation": -0.621978021978022,
    "p_value": 0.017550315290540047
  },
  "midas_s_92454.1": {
    "correlation": 0.5940597654187529,
    "p_value": 0.02508366416795365
  },
  "LNR_A2-18.3": {
    "correlation": -0.5865531622149126,
    "p_value": 0.027469759093494757
  },
  "midas_s_59647.1": {
    "correlation": 0.5833239888613888,
    "p_value": 0.028546764133325644
  },
  "midas_s_57020.1": {
    "correlation": 0.5375730877742211,
    "p_value": 0.047411719584755714
  },
  "midas_s_119547.6": {
    "correlation": 0.5148348716384167,
    "p_value": 0.059588610749575915
  },
  "midas_s_26433.1": {
    "correlation": 0.5092928600264823,
    "p_value": 0.06286835640727574
  },
  "midas_s_91583.1": {
    "correlation": 0.4945054945054946,
    "p_value": 0.07224967403413257
  },
  "Methanospirillum_hungatei.1": {
    "correlation": 0.49434393147370365,
    "p_value": 0.07235735393890151
  },
  "midas_s_538.1": {
    "correlation": 0.4892211964325254,
    "p_value": 0.07583095806613936
  },
  "midas_s_14202.1": {
    "correlation": -0.48571428571428577,
    "p_value": 0.07827588645863327
  },
  "midas_s_99172.1": {
    "correlation": -0.4790333663309185,
    "p_value": 0.08308665367787127
  },
  "midas_s_99362.1": {
    "correlation": 0.4681318681318682,
    "p_value": 0.09137636506833118
  },
  "Methanothrix_harundinacea.3": {
    "correlation": 0.4657882041282202,
    "p_value": 0.09323109401949244
  },
  "Acetobacterium.1": {
    "correlation": 0.46373626373626364,
    "p_value": 0.09487633150889971
  },
  "midas_s_22101.1": {
    "correlation": -0.4607905185472835,
    "p_value": 0.09727332495939307
  },
  "Methanobacterium.1": {
    "correlation": -0.4593406593406593,
    "p_value": 0.09846837616829027
  },
  "midas_s_5574.1": {
    "correlation": 0.45494505494505494,
    "p_value": 0.10215352669182914
  },
  "Methanobacterium_beijingense.17": {
    "correlation": 0.453361319463763,
    "p_value": 0.1035042961249713
  },
  "midas_s_825.1": {
    "correlation": -0.45179948403904385,
    "p_value": 0.10484839660716636
  },
  "midas_s_113358.1": {
    "correlation": -0.4511389600546269,
    "p_value": 0.10542043624761502
  },
  "midas_s_98644.2": {
    "correlation": 0.44311658106192087,
    "p_value": 0.11254026019366452
  },
  "Syntrophobacter_sulfatireducens.1": {
    "correlation": 0.44175824175824174,
    "p_value": 0.11377750302872344
  },
  "Dethiobacteraceae.1": {
    "correlation": 0.44175824175824174,
    "p_value": 0.11377750302872344
  },
  "midas_s_91084.1": {
    "correlation": 0.43888370887074746,
    "p_value": 0.11642633156669142
  },
  "midas_s_114219.1": {
    "correlation": -0.43736263736263736,
    "p_value": 0.11784483174447676
  },
  "midas_s_84394.1": {
    "correlation": 0.4300584702193769,
    "p_value": 0.12482030809308146
  },
  "midas_s_84394.2": {
    "correlation": 0.42548338011066006,
    "p_value": 0.12932887857560074
  },
  "midas_s_20752.1": {
    "correlation": 0.42482638051432486,
    "p_value": 0.1299852097153973
  },
  "midas_s_38974.2": {
    "correlation": 0.4226256408972078,
    "p_value": 0.13220003727271415
  },
  "midas_s_101116.1": {
    "correlation": 0.4216376634525596,
    "p_value": 0.1332025364044204
  },
  "midas_s_46586.2": {
    "correlation": 0.42010793522921813,
    "p_value": 0.13476479793862228
  },
  "midas_s_94423.1": {
    "correlation": 0.4197802197802198,
    "p_value": 0.13510107382914271
  },
  "midas_s_90665.1": {
    "correlation": 0.4158353460060851,
    "p_value": 0.13919318570047193
  },
  "midas_s_70352.1": {
    "correlation": -0.40213470073249474,
    "p_value": 0.15404513165603284
  },
  "midas_s_46673.1": {
    "correlation": -0.39780219780219783,
    "p_value": 0.1589507745108348
  },
  "midas_s_46586.1": {
    "correlation": -0.3942959909955345,
    "p_value": 0.16299507789101247
  },
  "midas_g_72899.1": {
    "correlation": -0.38676649560895987,
    "p_value": 0.1719060576197633
  },
  "midas_s_47294.1": {
    "correlation": -0.3821263616438205,
    "p_value": 0.17755198923243448
  },
  "midas_s_876.1": {
    "correlation": -0.37652102552660327,
    "p_value": 0.18453035990797756
  },
  "Desulfuromonadaceae.1": {
    "correlation": 0.3762378514318769,
    "p_value": 0.18488750098668494
  },
  "midas_s_3679.1": {
    "correlation": 0.3758241758241759,
    "p_value": 0.185410028697123
  },
  "midas_s_92051.1": {
    "correlation": 0.3684745577150126,
    "p_value": 0.1948517226538582
  },
  "Thermovirga.4": {
    "correlation": 0.35090735032071185,
    "p_value": 0.21863968998665526
  },
  "Methanobacterium_beijingense.1": {
    "correlation": -0.3450549450549451,
    "p_value": 0.2269486800417005
  },
  "Burkholderiales.1": {
    "correlation": -0.3394115526860479,
    "p_value": 0.23514338767919898
  },
  "Clostridium_citroniae.1": {
    "correlation": -0.3362637362637363,
    "p_value": 0.23979220225725306
  },
  "midas_s_21122.1": {
    "correlation": -0.33333658210123823,
    "p_value": 0.24416521571994765
  },
  "midas_s_7659.1": {
    "correlation": 0.3201709400736423,
    "p_value": 0.26443061156470343
  },
  "midas_s_76790.1": {
    "correlation": 0.3156763658309739,
    "p_value": 0.27157224620386566
  },
  "midas_s_8128.1": {
    "correlation": -0.3142857142857143,
    "p_value": 0.27380490296286775
  },
  "Mesotoga_infera.1": {
    "correlation": -0.3098901098901099,
    "p_value": 0.2809332808692584
  },
  "Mesotoga_infera.2": {
    "correlation": 0.3098901098901099,
    "p_value": 0.2809332808692584
  },
  "midas_s_9526.1": {
    "correlation": -0.3054945054945055,
    "p_value": 0.2881698858754571
  },
  "midas_s_83426.1": {
    "correlation": 0.3019559471753072,
    "p_value": 0.29407397369673655
  },
  "midas_s_38974.1": {
    "correlation": -0.3010989010989011,
    "p_value": 0.2955144656072166
  },
  "Firmicutes.1": {
    "correlation": 0.2923076923076923,
    "p_value": 0.3105263203858819
  },
  "midas_s_78044.1": {
    "correlation": -0.2882306768491569,
    "p_value": 0.3176336211894303
  },
  "Proteiniborus_ethanoligenes.1": {
    "correlation": -0.28233540095976545,
    "p_value": 0.32807264131300184
  },
  "Leptonema_illini.1": {
    "correlation": -0.2792896329177484,
    "p_value": 0.3335406341531144
  },
  "midas_s_57644.2": {
    "correlation": -0.2792896329177484,
    "p_value": 0.3335406341531144
  },
  "midas_s_18280.1": {
    "correlation": -0.2703296703296703,
    "p_value": 0.3499193863496043
  },
  "Acetoanaerobium.1": {
    "correlation": -0.2703296703296703,
    "p_value": 0.3499193863496043
  },
  "midas_s_22737.1": {
    "correlation": 0.26990174609698375,
    "p_value": 0.3507125205149795
  },
  "Soehngenia.2": {
    "correlation": -0.2677318457377086,
    "p_value": 0.3547495167403205
  },
  "Propionicicella.1": {
    "correlation": -0.26269571702018113,
    "p_value": 0.36421652427344675
  },
  "midas_s_360.1": {
    "correlation": -0.26153846153846155,
    "p_value": 0.3664111370667421
  },
  "EBM-39.1": {
    "correlation": 0.26153846153846155,
    "p_value": 0.3664111370667421
  },
  "midas_s_91453.1": {
    "correlation": 0.25962611970152905,
    "p_value": 0.37005333670622587
  },
  "Syntrophorhabdus.1": {
    "correlation": -0.24247977576198912,
    "p_value": 0.4035709131263774
  },
  "midas_s_114539.1": {
    "correlation": -0.24095866116393774,
    "p_value": 0.4066182624363306
  },
  "Pirellulaceae.1": {
    "correlation": 0.23956043956043957,
    "p_value": 0.4094298928517326
  },
  "Syntrophomonas.2": {
    "correlation": 0.23561714059891392,
    "p_value": 0.4174131408272894
  },
  "Thauera.2": {
    "correlation": 0.23365688355290934,
    "p_value": 0.42141111185728686
  },
  "midas_s_94642.1": {
    "correlation": 0.22882302075389002,