{
  "midas_s_32633.1": {
    "correlation": -0.8814825547070536,
    "p_value": 0.0016774219366218158
  },
  "midas_s_70352.1": {
    "correlation": 0.8398412548412548,
    "p_value": 0.004611367632836184
  },
  "Desulfuromonadaceae.1": {
    "correlation": -0.8166666666666667,
    "p_value": 0.007224785246358786
  },
  "Campylobacterales.1": {
    "correlation": -0.8033264176742436,
    "p_value": 0.009110661710242144
  },
  "Azoarcus.1": {
    "correlation": -0.7850689990907381,
    "p_value": 0.012194612642088131
  },
  "Sulfuricurvum.1": {
    "correlation": -0.7525121326622725,
    "p_value": 0.01930116479693843
  },
  "Desulfovibrio.1": {
    "correlation": -0.75,
    "p_value": 0.019942126131992522
  },
  "Petrimonas_sulfuriphila.1": {
    "correlation": -0.75,
    "p_value": 0.019942126131992522
  },
  "midas_s_5574.1": {
    "correlation": 0.75,
    "p_value": 0.019942126131992522
  },
  "Methanobacterium_beijingense.17": {
    "correlation": 0.731126155013931,
    "p_value": 0.025213004441203495
  },
  "midas_s_79195.1": {
    "correlation": 0.731126155013931,
    "p_value": 0.025213004441203495
  },
  "Aminivibrio_pyruvatiphilus.1": {
    "correlation": -0.7,
    "p_value": 0.03576957497026169
  },
  "Acetoanaerobium.1": {
    "correlation": -0.7,
    "p_value": 0.03576957497026169
  },
  "Methanobacterium_beijingense.1": {
    "correlation": -0.6666666666666667,
    "p_value": 0.04986723056888511
  },
  "midas_s_84837.3": {
    "correlation": 0.6572670690061992,
    "p_value": 0.054397379813511684
  },
  "midas_s_114219.1": {
    "correlation": -0.65,
    "p_value": 0.05807305801714863
  },
  "Mesotoga_infera.2": {
    "correlation": 0.6,
    "p_value": 0.0876228290414024
  },
  "Methanobacterium_beijingense.2": {
    "correlation": 0.5833333333333334,
    "p_value": 0.09918581647988323
  },
  "midas_s_56159.1": {
    "correlation": -0.5833333333333334,
    "p_value": 0.09918581647988323
  },
  "EBM-39.1": {
    "correlation": -0.5833333333333334,
    "p_value": 0.09918581647988323
  },
  "midas_s_102854.1": {
    "correlation": -0.5666666666666667,
    "p_value": 0.11163298761149111
  },
  "midas_s_42539.1": {
    "correlation": -0.5659799760886717,
    "p_value": 0.11216498551662016
  },
  "midas_s_22225.1": {
    "correlation": 0.5659799760886717,
    "p_value": 0.11216498551662016
  },
  "midas_s_20752.1": {
    "correlation": 0.5659799760886717,
    "p_value": 0.11216498551662016
  },
  "Syntrophomonas.2": {
    "correlation": 0.5659799760886717,
    "p_value": 0.11216498551662016
  },
  "midas_s_40737.1": {
    "correlation": 0.5544826240669376,
    "p_value": 0.12129912572245584
  },
  "midas_s_8128.1": {
    "correlation": -0.5333333333333333,
    "p_value": 0.13922686754397814
  },
  "midas_s_22737.1": {
    "correlation": 0.5249007842757842,
    "p_value": 0.14678430726681807
  },
  "midas_s_1625.1": {
    "correlation": 0.5148767223478706,
    "p_value": 0.15607310337023297
  },
  "midas_s_114539.1": {
    "correlation": -0.5085476277156078,
    "p_value": 0.1621088989410882
  },
  "midas_s_876.1": {
    "correlation": -0.5048252022715237,
    "p_value": 0.16572067687251046
  },
  "Endomicrobium.1": {
    "correlation": -0.5,
    "p_value": 0.17047066078705375
  },
  "Methanothrix_harundinacea.3": {
    "correlation": 0.49159604012508756,
    "p_value": 0.17892749146833994
  },
  "Enterobacteriaceae.1": {
    "correlation": 0.474692883171144,
    "p_value": 0.19664393651789913
  },
  "midas_s_90665.1": {
    "correlation": 0.474692883171144,
    "p_value": 0.19664393651789913
  },
  "midas_s_21122.1": {
    "correlation": -0.4666666666666666,
    "p_value": 0.20538635110581185
  },
  "midas_s_1571.1": {
    "correlation": -0.4666666666666666,
    "p_value": 0.20538635110581185
  },
  "midas_s_84394.2": {
    "correlation": 0.46536934519903694,
    "p_value": 0.20681933881842562
  },
  "midas_g_9269.1": {
    "correlation": -0.4564354645876384,
    "p_value": 0.21683754561890076
  },
  "midas_s_95280.1": {
    "correlation": 0.4564354645876384,
    "p_value": 0.21683754561890076
  },
  "midas_s_5446.3": {
    "correlation": -0.4564354645876384,
    "p_value": 0.21683754561890076
  },
  "Gordonia.1": {
    "correlation": 0.4518868007280905,
    "p_value": 0.22203877371139524
  },
  "midas_s_5996.1": {
    "correlation": -0.45,
    "p_value": 0.22421610749233659
  },
  "midas_s_25887.1": {
    "correlation": 0.45,
    "p_value": 0.22421610749233659
  },
  "Desulfovibrio_sulfodismutans.1": {
    "correlation": -0.4407412773535268,
    "p_value": 0.2350687099636431
  },
  "Methanosarcina.3": {
    "correlation": 0.4336136913582565,
    "p_value": 0.24361299212638993
  },
  "Desulfovibrio_aminophilus.1": {
    "correlation": -0.43333333333333335,
    "p_value": 0.2439524358800516
  },
  "midas_s_96664.1": {
    "correlation": -0.43333333333333335,
    "p_value": 0.2439524358800516
  },
  "midas_s_119364.1": {
    "correlation": -0.43333333333333335,
    "p_value": 0.2439524358800516
  },
  "midas_s_113358.1": {
    "correlation": 0.4267819784654187,
    "p_value": 0.2519566902874007
  },
  "midas_s_101322.1": {
    "correlation": -0.4264902570914597,
    "p_value": 0.25231632136598314
  },
  "Desulfovibrio.2": {
    "correlation": 0.4199206274206274,
    "p_value": 0.2604876226107211
  },
  "Desulfitibacter.1": {
    "correlation": 0.41778637429367477,
    "p_value": 0.26317193961167323
  },
  "Acetobacterium.1": {
    "correlation": 0.41666666666666663,
    "p_value": 0.26458604674749614
  },
  "midas_s_38974.2": {
    "correlation": 0.4107919181288746,
    "p_value": 0.2720708274536112
  },
  "midas_s_47294.1": {
    "correlation": -0.4016632088371218,
    "p_value": 0.28391827791399854
  },
  "LNR_A2-18.3": {
    "correlation": 0.40037860869810504,
    "p_value": 0.28560653541744335
  },
  "Mycobacterium.1": {
    "correlation": -0.40037860869810504,
    "p_value": 0.28560653541744335
  },
  "Halothiobacillus_neapolitanus.1": {
    "correlation": -0.39999999999999997,
    "p_value": 0.2861051019083129
  },
  "midas_s_91583.1": {
    "correlation": -0.38333333333333336,
    "p_value": 0.30849527238037144
  },
  "midas_s_49937.1": {
    "correlation": -0.38333333333333336,
    "p_value": 0.30849527238037144
  },
  "Dethiobacteraceae.1": {
    "correlation": 0.38333333333333336,
    "p_value": 0.30849527238037144
  },
  "Methanobacterium_beijingense.3": {
    "correlation": 0.3666666666666667,
    "p_value": 0.33173980143301507
  },
  "Leptonema_illini.1": {
    "correlation": 0.3663545909013695,
    "p_value": 0.3321830741550006
  },
  "Methanobacterium_beijingense.11": {
    "correlation": 0.3655630775069655,
    "p_value": 0.33330865320853853
  },
  "midas_s_7659.1": {
    "correlation": -0.3651483716701107,
    "p_value": 0.3338991406915331
  },
  "midas_s_94642.1": {
    "correlation": 0.35983578576496095,
    "p_value": 0.3415091184940342
  },
  "Stappia.1": {
    "correlation": -0.35,
    "p_value": 0.35581957250178897
  },
  "Ca_Caldatribacterium.1": {
    "correlation": 0.35,
    "p_value": 0.35581957250178897
  },
  "midas_g_72899.1": {
    "correlation": 0.3468909530866052,
    "p_value": 0.36040222769407376
  },
  "midas_s_98644.2": {
    "correlation": 0.3423265984407288,
    "p_value": 0.36718097767879393
  },
  "midas_s_100693.1": {
    "correlation": 0.3423265984407288,
    "p_value": 0.36718097767879393
  },
  "Dethiobacter.1": {
    "correlation": -0.33903175181040524,
    "p_value": 0.37211179341720285
  },
  "Soehngenia.1": {
    "correlation": -0.33473096350228926,
    "p_value": 0.37859496128192693
  },
  "Lentimicrobium.1": {
    "correlation": -0.33333333333333337,
    "p_value": 0.38071318167686347
  },
  "Mesotoga_infera.1": {
    "correlation": -0.33333333333333337,
    "p_value": 0.38071318167686347
  },
  "Christensenellaceae_R-7_group.1": {
    "correlation": -0.326362689414732,
    "p_value": 0.39136044929979796
  },
  "Methanobacterium.1": {
    "correlation": -0.31666666666666665,