{
  "Methanobacterium_beijingense.1": {
    "correlation": -0.8153846153846154,
    "p_value": 0.00037913223820058216
  },
  "midas_s_22101.1": {
    "correlation": -0.7979543126062715,
    "p_value": 0.0006256664775214217
  },
  "Syntrophomonas.2": {
    "correlation": 0.773190228373135,
    "p_value": 0.00118162407680423
  },
  "Desulfitibacter.1": {
    "correlation": 0.7244891673783663,
    "p_value": 0.0033817381748992826
  },
  "midas_s_876.1": {
    "correlation": -0.6992533331208347,
    "p_value": 0.0053838236111308875
  },
  "midas_s_32633.1": {
    "correlation": -0.6741974660849572,
    "p_value": 0.008186469998073875
  },
  "Petrimonas_sulfuriphila.1": {
    "correlation": -0.6489289474677392,
    "p_value": 0.01204229681051428
  },
  "Mesotoga_infera.1": {
    "correlation": -0.6483516483516484,
    "p_value": 0.012144222573105724
  },
  "Methanobacterium_beijingense.2": {
    "correlation": 0.6439560439560439,
    "p_value": 0.012942152559322944
  },
  "Methanobacterium_beijingense.17": {
    "correlation": 0.6378171504220587,
    "p_value": 0.014122982174260985
  },
  "Aminivibrio_pyruvatiphilus.1": {
    "correlation": -0.6351648351648352,
    "p_value": 0.01465788132728914
  },
  "midas_s_114219.1": {
    "correlation": -0.6351648351648352,
    "p_value": 0.01465788132728914
  },
  "Methanothrix_harundinacea.3": {
    "correlation": 0.5982398261552023,
    "p_value": 0.023824268027055874
  },
  "Soehngenia.1": {
    "correlation": -0.5933699622393368,
    "p_value": 0.02529619732488127
  },
  "midas_s_96664.1": {
    "correlation": -0.5912087912087912,
    "p_value": 0.025970813668962523
  },
  "midas_s_825.1": {
    "correlation": -0.586665001662639,
    "p_value": 0.027433010338540113
  },
  "Gordonia.1": {
    "correlation": 0.572057551884725,
    "p_value": 0.0325521632640672
  },
  "Desulfovibrio.1": {
    "correlation": -0.5648351648351648,
    "p_value": 0.03533018486755279
  },
  "Methanobacterium_beijingense.11": {
    "correlation": 0.5533674928748872,
    "p_value": 0.040095871653311785
  },
  "Sulfuricurvum.1": {
    "correlation": -0.5455712818854864,
    "p_value": 0.04359493768873663
  },
  "Methanobacterium.1": {
    "correlation": -0.5384615384615385,
    "p_value": 0.04697614585955518
  },
  "midas_s_22225.1": {
    "correlation": 0.5305958397347317,
    "p_value": 0.05093532099920136
  },
  "midas_s_20752.1": {
    "correlation": 0.5282232773590811,
    "p_value": 0.052175682879883625
  },
  "Romboutsia_lituseburensis.1": {
    "correlation": -0.5233746902576293,
    "p_value": 0.054778355672392254
  },
  "midas_s_5446.3": {
    "correlation": -0.519957606679595,
    "p_value": 0.056668117755260004
  },
  "midas_s_98644.2": {
    "correlation": 0.5148348716384167,
    "p_value": 0.059588610749575915
  },
  "Methanobacterium_beijingense.3": {
    "correlation": 0.5120879120879122,
    "p_value": 0.06119848615645835
  },
  "midas_s_14202.1": {
    "correlation": -0.5120879120879122,
    "p_value": 0.06119848615645835
  },
  "Dethiobacteraceae.1": {
    "correlation": 0.5120879120879122,
    "p_value": 0.06119848615645835
  },
  "Mesotoga_infera.2": {
    "correlation": 0.5032967032967033,
    "p_value": 0.06656042759911303
  },
  "midas_s_57020.1": {
    "correlation": 0.5032599119588452,
    "p_value": 0.0665835483234683
  },
  "Desulfovibrio_sulfodismutans.1": {
    "correlation": -0.501388729290618,
    "p_value": 0.06776702982929107
  },
  "Desulfovibrio.2": {
    "correlation": 0.4994666665148819,
    "p_value": 0.06899823222133086
  },
  "midas_s_90665.1": {
    "correlation": 0.49675465658024226,
    "p_value": 0.07076242797615777
  },
  "midas_s_18280.1": {
    "correlation": -0.4945054945054946,
    "p_value": 0.07224967403413257
  },
  "midas_s_8128.1": {
    "correlation": -0.4945054945054946,
    "p_value": 0.07224967403413257
  },
  "midas_s_46918.1": {
    "correlation": -0.4769230769230769,
    "p_value": 0.0846484341946868
  },
  "midas_s_95280.1": {
    "correlation": 0.46894673614346943,
    "p_value": 0.09073756586149011
  },
  "Endomicrobium.1": {
    "correlation": -0.46204648421458555,
    "p_value": 0.09624625123888678
  },
  "midas_s_5574.1": {
    "correlation": 0.4593406593406593,
    "p_value": 0.09846837616829027
  },
  "Syntrophobacter_sulfatireducens.1": {
    "correlation": 0.45054945054945056,
    "p_value": 0.10593278527264058
  },
  "Peptostreptococcales-Tissierellales.1": {
    "correlation": -0.4461538461538462,
    "p_value": 0.10980712780122508
  },
  "midas_s_82500.1": {
    "correlation": -0.43831293227668433,
    "p_value": 0.1169572475172947
  },
  "midas_s_84394.2": {
    "correlation": 0.43463356032809364,
    "p_value": 0.12041927123649973
  },
  "midas_s_78044.1": {
    "correlation": -0.4277709251650185,
    "p_value": 0.12706109361948087
  },
  "midas_s_79195.1": {
    "correlation": 0.4277709251650185,
    "p_value": 0.12706109361948087
  },
  "Acetoanaerobium.1": {
    "correlation": -0.4153846153846154,
    "p_value": 0.1396659475175257
  },
  "Comamonadaceae.1": {
    "correlation": -0.40725743577367296,
    "p_value": 0.14837485863151462
  },
  "midas_s_101322.1": {
    "correlation": -0.40725743577367296,
    "p_value": 0.14837485863151462
  },
  "Campylobacterales.1": {
    "correlation": -0.4060261049980711,
    "p_value": 0.14972497311235547
  },
  "midas_s_46586.2": {
    "correlation": 0.40133216158768886,
    "p_value": 0.15494620553749755
  },
  "midas_s_40737.1": {
    "correlation": 0.395745294404001,
    "p_value": 0.16131527335316437
  },
  "Desulfovibrio_aminophilus.1": {
    "correlation": -0.3934065934065934,
    "p_value": 0.16403157340077784
  },
  "Acetobacterium.1": {
    "correlation": 0.3758241758241759,
    "p_value": 0.185410028697123
  },
  "midas_s_21122.1": {
    "correlation": -0.37307206870933285,
    "p_value": 0.18891042736395786
  },
  "midas_s_38974.2": {
    "correlation": 0.37139829048542505,
    "p_value": 0.1910598358964791
  },
  "midas_s_102854.1": {
    "correlation": -0.367032967032967,
    "p_value": 0.1967388717074885
  },
  "midas_g_1743.1": {
    "correlation": -0.367032967032967,
    "p_value": 0.1967388717074885
  },
  "midas_s_70352.1": {
    "correlation": 0.36627555544424667,
    "p_value": 0.19773501727710613
  },
  "midas_s_22737.1": {
    "correlation": 0.3637806143046302,
    "p_value": 0.20103897431026616
  },
  "midas_s_94642.1": {
    "correlation": 0.3608363019580574,
    "p_value": 0.20498271249107117
  },
  "Methanobacterium_formicicum.1": {
    "correlation": -0.35824175824175825,
    "p_value": 0.2084981247907672
  },
  "midas_s_269.1": {
    "correlation": -0.35541185243906853,
    "p_value": 0.21237540583397468
  },
  "midas_s_360.1": {
    "correlation": -0.3538461538461538,
    "p_value": 0.21453987088124626
  },
  "midas_s_114539.1": {
    "correlation": -0.35291925119970685,
    "p_value": 0.2158277263149856
  },
  "Xanthobacter.1": {
    "correlation": -0.3496987840734832,
    "p_value": 0.22033978862475195
  },
  "midas_s_56159.1": {
    "correlation": -0.3450549450549451,
    "p_value": 0.2269486800417005
  },
  "midas_s_42539.1": {
    "correlation": -0.3394115526860479,
    "p_value": 0.23514338767919898
  },
  "Lentimicrobium.1": {
    "correlation": -0.3362637362637363,
    "p_value": 0.23979220225725306
  },
  "EBM-39.1": {
    "correlation": -0.3318681318681319,
    "p_value": 0.24637718314961166
  },
  "midas_s_26433.1": {
    "correlation": 0.33092301043195393,
    "p_value": 0.24780727082984239
  },
  "midas_g_9269.1": {
    "correlation": -0.32940648782760784,
    "p_value": 0.2501124745644579
  },
  "midas_s_46586.1": {
    "correlation": -0.3285799924962787,
    "p_value": 0.25137424982035367
  },
  "midas_s_31096.1": {
    "correlation": -0.32224211432473354,
    "p_value": 0.2611778541219257
  },
  "midas_s_84837.3": {
    "correlation": 0.3201709400736423,
    "p_value": 0.26443061156470343
  },
  "Methanospirillum_hungatei.1": {
    "correlation": 0.31504820503246395,