{
  "Methanothrix.1": {
    "correlation": 0.9069563718385057,
    "p_value": 4.6894083179363024e-05
  },
  "Propionicicella.1": {
    "correlation": 0.7949864493893076,
    "p_value": 0.0019984946709851216
  },
  "midas_s_3064.1": {
    "correlation": 0.7742938422830152,
    "p_value": 0.0031132095825217466
  },
  "Firmicutes.1": {
    "correlation": -0.7427338189130149,
    "p_value": 0.005653030822749848
  },
  "midas_g_824.1": {
    "correlation": 0.7291893466160434,
    "p_value": 0.007125493486526045
  },
  "midas_s_5149.1": {
    "correlation": 0.7290802278294675,
    "p_value": 0.007138415448380094
  },
  "midas_s_14202.1": {
    "correlation": 0.7016781806816423,
    "p_value": 0.010980494755383386
  },
  "midas_s_360.1": {
    "correlation": 0.7016781806816423,
    "p_value": 0.010980494755383386
  },
  "Ochrobactrum.1": {
    "correlation": 0.676736006344275,
    "p_value": 0.015651493451806154
  },
  "Petrimonas_sulfuriphila.2": {
    "correlation": -0.651394422310757,
    "p_value": 0.021750454427923404
  },
  "Ca_Caldatribacterium.1": {
    "correlation": 0.6419608887087366,
    "p_value": 0.02441097800515621
  },
  "midas_s_38974.1": {
    "correlation": 0.6083699119739772,
    "p_value": 0.03581440132546593
  },
  "midas_s_83426.1": {
    "correlation": -0.5916334661354581,
    "p_value": 0.04272679800100474
  },
  "Campylobacterales.1": {
    "correlation": -0.5756972111553784,
    "p_value": 0.050140375822769256
  },
  "Methanobacteriaceae.1": {
    "correlation": 0.5747789352392176,
    "p_value": 0.05059331643852031
  },
  "midas_s_99172.1": {
    "correlation": 0.57204756337389,
    "p_value": 0.05195753890805877
  },
  "midas_s_3679.1": {
    "correlation": -0.5673142737426045,
    "p_value": 0.054382365224955924
  },
  "midas_s_18280.1": {
    "correlation": 0.5635819429942979,
    "p_value": 0.05634937893029734
  },
  "Mesotoga_infera.1": {
    "correlation": 0.5561172814976846,
    "p_value": 0.06043131695598269
  },
  "midas_s_114539.1": {
    "correlation": 0.5557768924302788,
    "p_value": 0.06062221189614744
  },
  "midas_s_31096.1": {
    "correlation": 0.5487713639481564,
    "p_value": 0.06464456897428345
  },
  "Methanosarcina.1": {
    "correlation": 0.5411879585044582,
    "p_value": 0.06920281057108871
  },
  "Comamonadaceae.1": {
    "correlation": 0.5410564436152209,
    "p_value": 0.06928375966768588
  },
  "Syner-01.1": {
    "correlation": 0.5374556277561516,
    "p_value": 0.07152551102392235
  },
  "midas_s_49937.1": {
    "correlation": 0.5337232970078449,
    "p_value": 0.07390122120246549
  },
  "Stappia.1": {
    "correlation": 0.5299909662595385,
    "p_value": 0.07633046581569501
  },
  "midas_s_113358.1": {
    "correlation": 0.5299778240869182,
    "p_value": 0.0763391147951388
  },
  "Methanospirillum_hungatei.1": {
    "correlation": -0.5290940172102352,
    "p_value": 0.07692229499922461
  },
  "midas_s_538.1": {
    "correlation": -0.5290940172102352,
    "p_value": 0.07692229499922461
  },
  "Thermovirga.4": {
    "correlation": -0.5290940172102352,
    "p_value": 0.07692229499922461
  },
  "midas_s_9526.1": {
    "correlation": 0.5225263047629252,
    "p_value": 0.08135161294771355
  },
  "midas_s_96264.1": {
    "correlation": 0.5187939740146186,
    "p_value": 0.08394451996430038
  },
  "midas_s_84837.3": {
    "correlation": 0.5107228571071839,
    "p_value": 0.08974220592297297
  },
  "midas_s_825.1": {
    "correlation": 0.5036668682811847,
    "p_value": 0.09502723591121566
  },
  "midas_s_46586.2": {
    "correlation": -0.49943671718328086,
    "p_value": 0.09829387687412972
  },
  "midas_s_119364.1": {
    "correlation": 0.4926676587764723,
    "p_value": 0.10367615959560071
  },
  "Desulfuromonadaceae.1": {
    "correlation": -0.49166179466448706,
    "p_value": 0.10449236338037093
  },
  "midas_s_91453.1": {
    "correlation": 0.4729674298483469,
    "p_value": 0.12044713018794644
  },
  "midas_s_269.1": {
    "correlation": 0.46983849653095583,
    "p_value": 0.12326501733185581
  },
  "midas_s_101116.1": {
    "correlation": -0.46232108058646054,
    "p_value": 0.13021065281550492
  },
  "midas_g_72899.1": {
    "correlation": 0.4578169907513407,
    "p_value": 0.13449176299381968
  },
  "EBM-39.1": {
    "correlation": 0.4553443512934062,
    "p_value": 0.1368803470320521
  },
  "midas_s_1625.1": {
    "correlation": -0.45418326693227085,
    "p_value": 0.13801137450000153
  },
  "midas_s_78044.1": {
    "correlation": 0.45402158816235416,
    "p_value": 0.13816934581495363
  },
  "midas_s_47294.4": {
    "correlation": 0.4528018397003333,
    "p_value": 0.13936489354169043
  },
  "Firmicutes.2": {
    "correlation": 0.4516120205450996,
    "p_value": 0.14053752579384465
  },
  "midas_s_46586.1": {
    "correlation": 0.450199203187251,
    "p_value": 0.14193818171434422
  },
  "Pirellulaceae.1": {
    "correlation": 0.44787968979679305,
    "p_value": 0.14425718214313124
  },
  "midas_s_5996.1": {
    "correlation": 0.4404150283001798,
    "p_value": 0.15188499808915035
  },
  "Thiobacillus.1": {
    "correlation": 0.42997039077122445,
    "p_value": 0.1629829755763591
  },
  "Sphingopyxis.2": {
    "correlation": 0.42868318224898266,
    "p_value": 0.16438522631645416
  },
  "midas_s_114924.1": {
    "correlation": 0.4245212096057887,
    "p_value": 0.16897125203864286
  },
  "Acetobacterium.1": {
    "correlation": -0.42175337455864675,
    "p_value": 0.17206523743026791
  },
  "Methanobacterium_beijingense.2": {
    "correlation": -0.4180210438103401,
    "p_value": 0.17629335013688166
  },
  "midas_s_46673.1": {
    "correlation": -0.4068240515654203,
    "p_value": 0.18936486858283574
  },
  "midas_s_84394.1": {
    "correlation": -0.40637450199203184,
    "p_value": 0.18990184105830202
  },
  "midas_s_20752.1": {
    "correlation": -0.40636062537209394,
    "p_value": 0.18991843120151028
  },
  "midas_s_7659.1": {
    "correlation": -0.40635775152441156,
    "p_value": 0.18992186713185402
  },
  "midas_s_70352.1": {
    "correlation": 0.39747561487906924,
    "p_value": 0.20072514949135672
  },
  "midas_s_119547.6": {
    "correlation": 0.39747561487906924,
    "p_value": 0.20072514949135672
  },
  "midas_s_101322.1": {
    "correlation": 0.3912254284602366,
    "p_value": 0.20854804449572167
  },
  "Halothiobacillus_neapolitanus.1": {
    "correlation": -0.3881623978238873,
    "p_value": 0.212448537206148
  },
  "Soehngenia.2": {
    "correlation": 0.3864541832669322,
    "p_value": 0.21464287242487348
  },
  "midas_s_876.1": {
    "correlation": 0.3829014831738486,
    "p_value": 0.2192503626621807
  },
  "Desulfovibrio_sulfodismutans.1": {
    "correlation": 0.3824701195219123,
    "p_value": 0.21981382281607548
  },
  "Enterobacteriaceae.1": {
    "correlation": -0.37926991701395435,
    "p_value": 0.22402125010610424
  },
  "Petrimonas_sulfuriphila.1": {
    "correlation": 0.3758707972247647,
    "p_value": 0.2285427578109828
  },
  "Xanthobacter.1": {
    "correlation": 0.3705179282868526,
    "p_value": 0.2357728972994729
  },
  "Desulfovibrio.1": {
    "correlation": 0.3695007440823542,
    "p_value": 0.2371619884484971
  },
  "midas_s_90665.1": {
    "correlation": -0.36765961343189457,
    "p_value": 0.23968860296419062
  },
  "Leucobacter.1": {
    "correlation": 0.36625359260107254,
    "p_value": 0.2416287969708134
  },
  "Methanobacterium_beijingense.1": {
    "correlation": 0.36576841333404764,
    "p_value": 0.24230045233605088
  },
  "midas_s_91084.1": {
    "correlation": -0.3620916199578786,
    "p_value": 0.24742620414359068
  },
  "midas_g_1743.1": {
    "correlation": 0.35830375183743435,
    "p_value": 0.2527729129883593
  },
  "midas_s_22101.1": {
    "correlation": 0.35707725736352647,
    "p_value": 0.254518520660228
  },
  "midas_s_8128.1": {
    "correlation": 0.3545714210891278,
    "p_value": 0.25810678220308503
  },
  "Thauera.2": {
    "correlation": 0.35376767467149056,
    "p_value": 0.25926392210186416
  },