{
  "Xanthobacter.1": {
    "correlation": -0.5797020111822172,
    "p_value": 0.029791920234803978
  },
  "midas_s_91638.1": {
    "correlation": 0.5644792899205677,
    "p_value": 0.035471452766049794
  },
  "Campylobacterales.1": {
    "correlation": -0.5515383507199233,
    "p_value": 0.040897602779900726
  },
  "midas_s_98644.2": {
    "correlation": 0.5506940169266646,
    "p_value": 0.04127162662213005
  },
  "Sulfuricurvum.1": {
    "correlation": -0.5302030767619516,
    "p_value": 0.05113916167632228
  },
  "midas_s_5446.2": {
    "correlation": -0.5159922845126749,
    "p_value": 0.05891950574264994
  },
  "Syntrophomonas.2": {
    "correlation": 0.4986848218501285,
    "p_value": 0.06950358212081516
  },
  "midas_s_32633.1": {
    "correlation": -0.4892190999389039,
    "p_value": 0.07583240333990711
  },
  "midas_s_36575.1": {
    "correlation": 0.4813186813186813,
    "p_value": 0.08141829504280494
  },
  "midas_s_102854.1": {
    "correlation": -0.4769230769230769,
    "p_value": 0.0846484341946868
  },
  "Methanobacterium_beijingense.4": {
    "correlation": 0.47252747252747257,
    "p_value": 0.08796742461254232
  },
  "Desulfitibacter.1": {
    "correlation": 0.46002839769117126,
    "p_value": 0.09790024491950713
  },
  "Desulfovibrio.1": {
    "correlation": -0.45494505494505494,
    "p_value": 0.10215352669182914
  },
  "Methanobacterium_beijingense.17": {
    "correlation": 0.4511389600546269,
    "p_value": 0.10542043624761502
  },
  "midas_s_876.1": {
    "correlation": -0.44311658106192087,
    "p_value": 0.11254026019366452
  },
  "midas_s_114219.1": {
    "correlation": -0.43736263736263736,
    "p_value": 0.11784483174447676
  },
  "midas_s_57644.2": {
    "correlation": -0.43418976546036514,
    "p_value": 0.12084149905956974
  },
  "midas_s_22101.1": {
    "correlation": -0.4338174150225645,
    "p_value": 0.12119652880391305
  },
  "Endomicrobium.1": {
    "correlation": -0.4290431639135438,
    "p_value": 0.12581153558916686
  },
  "midas_s_57020.1": {
    "correlation": 0.42090829000194335,
    "p_value": 0.13394589712344313
  },
  "Methanobacterium_beijingense.1": {
    "correlation": -0.4153846153846154,
    "p_value": 0.1396659475175257
  },
  "midas_s_22225.1": {
    "correlation": 0.40403169447690573,
    "p_value": 0.15192898513042336
  },
  "midas_s_8102.1": {
    "correlation": -0.3955799748262246,
    "p_value": 0.16150631016063674
  },
  "midas_g_9269.1": {
    "correlation": -0.3911702042952843,
    "p_value": 0.16665684827775337
  },
  "midas_s_84729.1": {
    "correlation": 0.389010989010989,
    "p_value": 0.16921738979769044
  },
  "midas_s_42539.1": {
    "correlation": -0.3843667252272463,
    "p_value": 0.17481124755087094
  },
  "midas_s_5574.1": {
    "correlation": 0.3758241758241759,
    "p_value": 0.185410028697123
  },
  "Petrimonas_sulfuriphila.1": {
    "correlation": -0.3755787401439997,
    "p_value": 0.1857204943515694
  },
  "midas_s_114539.1": {
    "correlation": -0.37482458403279206,
    "p_value": 0.18667655585610887
  },
  "midas_s_84837.3": {
    "correlation": 0.37139829048542505,
    "p_value": 0.1910598358964791
  },
  "midas_s_119547.6": {
    "correlation": 0.37139829048542505,
    "p_value": 0.1910598358964791
  },
  "Lentimicrobium.1": {
    "correlation": -0.367032967032967,
    "p_value": 0.1967388717074885
  },
  "midas_s_90665.1": {
    "correlation": 0.334916035431928,
    "p_value": 0.24179960056721633
  },
  "midas_s_46918.1": {
    "correlation": -0.3318681318681319,
    "p_value": 0.24637718314961166
  },
  "midas_s_119364.1": {
    "correlation": -0.3318681318681319,
    "p_value": 0.24637718314961166
  },
  "midas_s_531.2": {
    "correlation": -0.33101391836662153,
    "p_value": 0.24766949696724938
  },
  "midas_s_70352.1": {
    "correlation": 0.32529367511482055,
    "p_value": 0.2564293882056676
  },
  "Methanobacterium_beijingense.2": {
    "correlation": 0.3230769230769231,
    "p_value": 0.25987361950878973
  },
  "Syntrophobacter_sulfatireducens.1": {
    "correlation": 0.3142857142857143,
    "p_value": 0.27380490296286775
  },
  "midas_s_96664.1": {
    "correlation": -0.3142857142857143,
    "p_value": 0.27380490296286775
  },
  "Aminivibrio_pyruvatiphilus.1": {
    "correlation": -0.3142857142857143,
    "p_value": 0.27380490296286775
  },
  "Methanothrix_harundinacea.3": {
    "correlation": 0.3112613117634079,
    "p_value": 0.27869796919434864
  },
  "midas_s_84394.2": {
    "correlation": 0.3111061273927407,
    "p_value": 0.2789504195605548
  },
  "midas_s_4976.1": {
    "correlation": -0.3091085855335363,
    "p_value": 0.2822120220934889
  },
  "midas_s_93835.1": {
    "correlation": -0.3080309894763904,
    "p_value": 0.28398080866843284
  },
  "midas_s_8128.1": {
    "correlation": -0.2967032967032967,
    "p_value": 0.30296672383870205
  },
  "midas_g_58386.1": {
    "correlation": -0.2948296613559737,
    "p_value": 0.30617591323280036
  },
  "midas_s_5446.3": {
    "correlation": -0.2945572648677509,
    "p_value": 0.3066440999531726
  },
  "midas_s_3064.1": {
    "correlation": 0.2936010954931436,
    "p_value": 0.30829079151218025
  },
  "midas_s_78044.1": {
    "correlation": -0.29280576695787364,
    "p_value": 0.3096643469945032
  },
  "midas_s_20752.1": {
    "correlation": 0.2854653456366098,
    "p_value": 0.32250651295764177
  },
  "Methanobacterium_beijingense.3": {
    "correlation": 0.2835164835164835,
    "p_value": 0.32596594744177265
  },
  "Dethiobacteraceae.1": {
    "correlation": 0.2835164835164835,
    "p_value": 0.32596594744177265
  },
  "Acetobacterium.1": {
    "correlation": 0.2835164835164835,
    "p_value": 0.32596594744177265
  },
  "Acetoanaerobium.1": {
    "correlation": -0.2835164835164835,
    "p_value": 0.32596594744177265
  },
  "Desulfovibrio_sulfodismutans.1": {
    "correlation": -0.27990147508942265,
    "p_value": 0.33243813519500187
  },
  "midas_s_101322.1": {
    "correlation": -0.27918905974421604,
    "p_value": 0.33372205609839556
  },
  "Mesotoga_infera.1": {
    "correlation": -0.27912087912087913,
    "p_value": 0.33384507719455425
  },
  "Methanosarcina.1": {
    "correlation": 0.27472527472527475,
    "p_value": 0.34182974371948127
  },
  "midas_s_21122.1": {
    "correlation": -0.2715258251553132,
    "p_value": 0.34770762777095954
  },
  "midas_g_824.1": {
    "correlation": -0.27112784791460337,
    "p_value": 0.3484426516409811
  },
  "midas_s_95280.1": {
    "correlation": 0.2699303164142897,
    "p_value": 0.3506595361879209
  },
  "midas_f_46203.1": {
    "correlation": -0.26990174609698375,
    "p_value": 0.3507125205149795
  },
  "midas_s_26433.1": {
    "correlation": 0.26990174609698375,
    "p_value": 0.3507125205149795
  },
  "Desulfovibrio.2": {
    "correlation": 0.2638208546206812,
    "p_value": 0.3620896790470215
  },
  "Dethiobacter.1": {
    "correlation": 0.25849224211189076,
    "p_value": 0.37222207756612025
  },
  "midas_s_22737.1": {
    "correlation": 0.25581991586583674,
    "p_value": 0.3773603368283919
  },
  "midas_g_75908.1": {
    "correlation": 0.2539967248577709,
    "p_value": 0.3808875663146797
  },
  "Comamonadaceae.1": {
    "correlation": -0.2535753845383247,
    "p_value": 0.3817052027834863
  },
  "Methanobacterium_beijingense.11": {
    "correlation": 0.24890425382324244,
    "p_value": 0.390832240257158
  },
  "midas_s_38974.2": {
    "correlation": 0.24845264949714638,
    "p_value": 0.391720691612946
  },
  "Methanobacterium.1": {
    "correlation": -0.24835164835164836,
    "p_value": 0.39191953893845743
  },
  "midas_s_1571.1": {
    "correlation": -0.24835164835164836,
    "p_value": 0.39191953893845743
  },
  "EBM-39.1": {
    "correlation": -0.24835164835164836,
    "p_value": 0.39191953893845743
  },
  "Ca_Caldatribacterium.1": {
    "correlation": 0.24835164835164836,
    "p_value": 0.39191953893845743
  },
  "midas_s_5996.1": {
    "correlation": -0.23956043956043957,
    "p_value": 0.4094298928517326
  },