{
  "Desulfuromonadaceae.1": {
    "correlation": -0.9166666666666666,
    "p_value": 0.0005066190663052084
  },
  "midas_s_70352.1": {
    "correlation": 0.8946135105917714,
    "p_value": 0.0011270073330190413
  },
  "Azoarcus.1": {
    "correlation": -0.8580986734247602,
    "p_value": 0.003076114526072665
  },
  "midas_s_32633.1": {
    "correlation": -0.8306277919354929,
    "p_value": 0.005555423798528958
  },
  "Campylobacterales.1": {
    "correlation": -0.7850689990907381,
    "p_value": 0.012194612642088131
  },
  "midas_s_5574.1": {
    "correlation": 0.75,
    "p_value": 0.019942126131992522
  },
  "Methanobacterium_beijingense.17": {
    "correlation": 0.7398300378117157,
    "p_value": 0.02268089237482923
  },
  "midas_s_79195.1": {
    "correlation": 0.7398300378117157,
    "p_value": 0.02268089237482923
  },
  "Aminivibrio_pyruvatiphilus.1": {
    "correlation": -0.7333333333333334,
    "p_value": 0.02455415007146968
  },
  "midas_s_40737.1": {
    "correlation": 0.732709181802739,
    "p_value": 0.024739299238569056
  },
  "midas_s_22737.1": {
    "correlation": 0.7302967433402214,
    "p_value": 0.025463561683239266
  },
  "Methanobacterium_beijingense.1": {
    "correlation": -0.7166666666666667,
    "p_value": 0.029818035695845287
  },
  "midas_s_8128.1": {
    "correlation": -0.7166666666666667,
    "p_value": 0.029818035695845287
  },
  "Acetoanaerobium.1": {
    "correlation": -0.7166666666666667,
    "p_value": 0.029818035695845287
  },
  "midas_s_42539.1": {
    "correlation": -0.7120393247567159,
    "p_value": 0.03139999356896593
  },
  "Endomicrobium.1": {
    "correlation": -0.7,
    "p_value": 0.03576957497026169
  },
  "midas_s_22225.1": {
    "correlation": 0.6937819061732104,
    "p_value": 0.03817300741775821
  },
  "midas_s_20752.1": {
    "correlation": 0.6937819061732104,
    "p_value": 0.03817300741775821
  },
  "Syntrophomonas.2": {
    "correlation": 0.6937819061732104,
    "p_value": 0.03817300741775821
  },
  "midas_s_47294.1": {
    "correlation": -0.6755244875897048,
    "p_value": 0.045825630472172724
  },
  "midas_s_1625.1": {
    "correlation": 0.6733003292241385,
    "p_value": 0.04681994260629962
  },
  "Petrimonas_sulfuriphila.1": {
    "correlation": -0.6666666666666667,
    "p_value": 0.04986723056888511
  },
  "Mesotoga_infera.2": {
    "correlation": 0.6666666666666667,
    "p_value": 0.04986723056888511
  },
  "midas_s_101322.1": {
    "correlation": -0.6614950926316517,
    "p_value": 0.052328627481360655
  },
  "midas_s_84837.3": {
    "correlation": 0.6390096504226939,
    "p_value": 0.06392412293886486
  },
  "Desulfovibrio_aminophilus.1": {
    "correlation": -0.6333333333333333,
    "p_value": 0.06708578689234565
  },
  "Methanobacterium_beijingense.2": {
    "correlation": 0.6333333333333333,
    "p_value": 0.06708578689234565
  },
  "Desulfovibrio_sulfodismutans.1": {
    "correlation": -0.6102571532587293,
    "p_value": 0.08093967013794635
  },
  "Methanothrix_harundinacea.3": {
    "correlation": 0.6102571532587293,
    "p_value": 0.08093967013794635
  },
  "EBM-39.1": {
    "correlation": -0.5833333333333334,
    "p_value": 0.09918581647988323
  },
  "Dethiobacteraceae.1": {
    "correlation": 0.5833333333333334,
    "p_value": 0.09918581647988323
  },
  "Sulfuricurvum.1": {
    "correlation": -0.5742855749264711,
    "p_value": 0.10583238712021262
  },
  "midas_s_876.1": {
    "correlation": -0.565752381856018,
    "p_value": 0.11234164502532493
  },
  "Desulfitibacter.1": {
    "correlation": 0.565752381856018,
    "p_value": 0.11234164502532493
  },
  "midas_s_114539.1": {
    "correlation": -0.5594023904871686,
    "p_value": 0.11733810288497051
  },
  "Dethiobacter.1": {
    "correlation": -0.5594023904871686,
    "p_value": 0.11733810288497051
  },
  "midas_s_84394.2": {
    "correlation": 0.5544826240669376,
    "p_value": 0.12129912572245584
  },
  "Methanosarcina.3": {
    "correlation": 0.5477225575051661,
    "p_value": 0.12687036692367104
  },
  "midas_s_38974.2": {
    "correlation": 0.5477225575051661,
    "p_value": 0.12687036692367104
  },
  "Methanobacterium_beijingense.3": {
    "correlation": 0.5333333333333333,
    "p_value": 0.13922686754397814
  },
  "midas_s_90665.1": {
    "correlation": 0.5294651389216606,
    "p_value": 0.14266456205626749
  },
  "midas_s_5446.3": {
    "correlation": -0.5294651389216606,
    "p_value": 0.14266456205626749
  },
  "Desulfovibrio.1": {
    "correlation": -0.5166666666666667,
    "p_value": 0.1543901209862251
  },
  "midas_s_25887.1": {
    "correlation": 0.5166666666666667,
    "p_value": 0.1543901209862251
  },
  "midas_s_95280.1": {
    "correlation": 0.511207720338155,
    "p_value": 0.1595559476434325
  },
  "midas_s_102854.1": {
    "correlation": -0.5,
    "p_value": 0.17047066078705375
  },
  "Leptonema_illini.1": {
    "correlation": 0.49507377148833714,
    "p_value": 0.175399548242805
  },
  "midas_s_5996.1": {
    "correlation": -0.48333333333333334,
    "p_value": 0.18746985521554207
  },
  "midas_s_36575.1": {
    "correlation": 0.48333333333333334,
    "p_value": 0.18746985521554207
  },
  "Mesotoga_infera.1": {
    "correlation": -0.48333333333333334,
    "p_value": 0.18746985521554207
  },
  "midas_s_114219.1": {
    "correlation": -0.48333333333333334,
    "p_value": 0.18746985521554207
  },
  "midas_s_7659.1": {
    "correlation": -0.47925723781702034,
    "p_value": 0.1917669888167923
  },
  "Soehngenia.1": {
    "correlation": -0.47699162299076214,
    "p_value": 0.19417917606506618
  },
  "Enterobacteriaceae.1": {
    "correlation": 0.474692883171144,
    "p_value": 0.19664393651789913
  },
  "Comamonadaceae.1": {
    "correlation": -0.4700096710803842,
    "p_value": 0.201719267806669
  },
  "Methanobacterium.1": {
    "correlation": -0.4666666666666666,
    "p_value": 0.20538635110581185
  },
  "midas_s_56159.1": {
    "correlation": -0.4666666666666666,
    "p_value": 0.20538635110581185
  },
  "midas_s_119364.1": {
    "correlation": -0.4666666666666666,
    "p_value": 0.20538635110581185
  },
  "midas_s_47294.4": {
    "correlation": 0.45769286494404704,
    "p_value": 0.21541170296009043
  },
  "Desulfovibrio.2": {
    "correlation": 0.4564354645876384,
    "p_value": 0.21683754561890076
  },
  "Mycobacterium.1": {
    "correlation": -0.4526019054848144,
    "p_value": 0.22121659513781886
  },
  "Gordonia.1": {
    "correlation": 0.4518868007280905,
    "p_value": 0.22203877371139524
  },
  "midas_s_96664.1": {
    "correlation": -0.45,
    "p_value": 0.22421610749233659
  },
  "midas_s_360.1": {
    "correlation": -0.45,
    "p_value": 0.22421610749233659
  },
  "midas_g_1743.1": {
    "correlation": -0.45,
    "p_value": 0.22421610749233659
  },
  "midas_s_91084.1": {
    "correlation": -0.4336136913582565,
    "p_value": 0.24361299212638993
  },
  "midas_s_3064.1": {
    "correlation": 0.43333333333333335,
    "p_value": 0.2439524358800516
  },
  "LNR_A2-18.3": {
    "correlation": 0.4264902570914597,
    "p_value": 0.25231632136598314
  },
  "midas_g_72899.1": {
    "correlation": 0.4199206274206274,
    "p_value": 0.2604876226107211
  },
  "midas_s_94642.1": {
    "correlation": 0.4100454302903043,
    "p_value": 0.2730297471437723
  },
  "Methanobacterium_beijingense.11": {
    "correlation": 0.40037860869810504,
    "p_value": 0.28560653541744335
  },
  "Halothiobacillus_neapolitanus.1": {
    "correlation": -0.39999999999999997,
    "p_value": 0.2861051019083129
  },
  "midas_s_91583.1": {
    "correlation": -0.39999999999999997,
    "p_value": 0.2861051019083129
  },
  "midas_s_46586.2": {
    "correlation": 0.38797014489949266,
    "p_value": 0.30217959013116114
  },
  "midas_s_99172.1": {
    "correlation": -0.38333333333333336,
    "p_value": 0.30849527238037144
  },
  "Leucobacter.1": {
    "correlation": -0.3742669603047504,
    "p_value": 0.3210350844949296
  },
  "midas_g_75908.1": {
    "correlation": 0.37293492699144576,
    "p_value": 0.3228985625390918
  },