{
  "midas_s_114539.1": {
    "correlation": -0.813444558662918,
    "p_value": 0.00040186956366000914
  },
  "Methanobacteriaceae.1": {
    "correlation": -0.7787782155051576,
    "p_value": 0.001030791566826903
  },
  "EBM-39.1": {
    "correlation": -0.7743533392806964,
    "p_value": 0.001148864096237665
  },
  "midas_s_32633.1": {
    "correlation": -0.7742424112574763,
    "p_value": 0.0011519568511397212
  },
  "midas_s_360.1": {
    "correlation": -0.7455916438216991,
    "p_value": 0.002204828615920346
  },
  "midas_s_8128.1": {
    "correlation": -0.7367418913727768,
    "p_value": 0.002650486432188246
  },
  "Methanobacterium_beijingense.11": {
    "correlation": 0.7360252644169991,
    "p_value": 0.0026894697488753553
  },
  "Enterobacteriaceae.1": {
    "correlation": 0.7265266473776979,
    "p_value": 0.0032502662269183503
  },
  "Soehngenia.2": {
    "correlation": -0.7203394585749937,
    "p_value": 0.0036624332267670163
  },
  "Methanobacterium_beijingense.2": {
    "correlation": 0.7190423864749323,
    "p_value": 0.003753823502778241
  },
  "Xanthobacter.1": {
    "correlation": -0.7064176960834682,
    "p_value": 0.004740182401847514
  },
  "Mesotoga_infera.1": {
    "correlation": -0.705767757801549,
    "p_value": 0.004795956335005077
  },
  "midas_s_101116.1": {
    "correlation": 0.7022239561106742,
    "p_value": 0.0051091588289681935
  },
  "Acetoanaerobium.1": {
    "correlation": -0.7013428815770879,
    "p_value": 0.005189453766462949
  },
  "midas_s_94642.1": {
    "correlation": 0.6899330571888694,
    "p_value": 0.006321038044319975
  },
  "midas_s_14202.1": {
    "correlation": -0.6659438717813989,
    "p_value": 0.009321581988941877
  },
  "Desulfovibrio_sulfodismutans.1": {
    "correlation": -0.6578610361475707,
    "p_value": 0.010547340573677885
  },
  "midas_s_5996.1": {
    "correlation": -0.6482443668835544,
    "p_value": 0.012163236455609345
  },
  "Propionicicella.1": {
    "correlation": -0.6466682633803993,
    "p_value": 0.01244521491499089
  },
  "midas_s_46586.2": {
    "correlation": 0.6331770653858511,
    "p_value": 0.01506878778651212
  },
  "midas_s_3679.1": {
    "correlation": 0.6305448619857098,
    "p_value": 0.015626354511328107
  },
  "Methanobacterium_beijingense.1": {
    "correlation": -0.6239075476490182,
    "p_value": 0.01710208557981019
  },
  "midas_s_18280.1": {
    "correlation": -0.6239075476490182,
    "p_value": 0.01710208557981019
  },
  "midas_s_5149.1": {
    "correlation": -0.6157347990321211,
    "p_value": 0.01906189894628813
  },
  "Desulfovibrio.1": {
    "correlation": -0.6128453570878654,
    "p_value": 0.019793928341075972
  },
  "Leucobacter.1": {
    "correlation": -0.6088583518907684,
    "p_value": 0.020838673016673342
  },
  "midas_s_20752.1": {
    "correlation": 0.6086736217466665,
    "p_value": 0.02088806750326167
  },
  "Methanospirillum_hungatei.1": {
    "correlation": 0.6085081915583095,
    "p_value": 0.02093237637227793
  },
  "midas_s_56159.1": {
    "correlation": -0.6084204808634042,
    "p_value": 0.02095589758137376
  },
  "Thermovirga.4": {
    "correlation": 0.6059297670178082,
    "p_value": 0.021632190051364117
  },
  "midas_s_101322.1": {
    "correlation": -0.6059297670178082,
    "p_value": 0.021632190051364117
  },
  "midas_s_825.1": {
    "correlation": -0.6041481673098883,
    "p_value": 0.022125938603033732
  },
  "midas_s_22101.1": {
    "correlation": -0.597359985654721,
    "p_value": 0.024085316264932308
  },
  "Petrimonas_sulfuriphila.1": {
    "correlation": -0.593965676907943,
    "p_value": 0.025112574355940626
  },
  "Firmicutes.1": {
    "correlation": 0.5929334140777903,
    "p_value": 0.0254313964379729
  },
  "Mesotoga_infera.2": {
    "correlation": 0.5885085378533292,
    "p_value": 0.026832530734745327
  },
  "midas_s_102854.1": {
    "correlation": -0.579658785404407,
    "p_value": 0.029807020356694795
  },
  "midas_s_538.1": {
    "correlation": 0.5749886725317925,
    "p_value": 0.03147227986612554
  },
  "midas_s_1625.1": {
    "correlation": 0.5741120406297082,
    "p_value": 0.03179241603578338
  },
  "midas_s_83426.1": {
    "correlation": 0.5699377027764826,
    "p_value": 0.03335011715597762
  },
  "midas_g_824.1": {
    "correlation": -0.5693569294654294,
    "p_value": 0.033571239772415495
  },
  "Comamonadaceae.1": {
    "correlation": -0.5672533989102885,
    "p_value": 0.03438123517612982
  },
  "Petrimonas_sulfuriphila.2": {
    "correlation": 0.5646616366687255,
    "p_value": 0.03539901644594403
  },
  "Methanobacterium.1": {
    "correlation": -0.5575344042821014,
    "p_value": 0.03831267495474618
  },
  "midas_s_119364.1": {
    "correlation": -0.5553219661698708,
    "p_value": 0.03925203669492056
  },
  "midas_s_21122.1": {
    "correlation": -0.5533346995935375,
    "p_value": 0.04011014275985302
  },
  "midas_s_78044.1": {
    "correlation": -0.5492126954027923,
    "p_value": 0.04193388092510966
  },
  "midas_s_40737.1": {
    "correlation": 0.5423043596115622,
    "p_value": 0.045125700380243765
  },
  "Methanothrix_harundinacea.3": {
    "correlation": 0.5355568779198496,
    "p_value": 0.04841109853807248
  },
  "Acetobacterium.1": {
    "correlation": 0.5331975850475652,
    "p_value": 0.049599901816131726
  },
  "Burkholderiales.1": {
    "correlation": -0.5204272602294918,
    "p_value": 0.05640563590330633
  },
  "midas_s_99172.1": {
    "correlation": -0.5155568285369506,
    "p_value": 0.05917060689441063
  },
  "Aminivibrio_pyruvatiphilus.1": {
    "correlation": -0.5044358895885679,
    "p_value": 0.06584736386853259
  },
  "Romboutsia_lituseburensis.1": {
    "correlation": -0.5008714099320912,
    "p_value": 0.06809685239694183
  },
  "midas_s_114924.1": {
    "correlation": -0.4976359363167532,
    "p_value": 0.07018566644472674
  },
  "midas_s_3064.1": {
    "correlation": -0.4933345514448407,
    "p_value": 0.07303267460815413
  },
  "Methanobacterium_beijingense.17": {
    "correlation": 0.48993778999186266,
    "p_value": 0.07533809604708525
  },
  "midas_s_90665.1": {
    "correlation": 0.48874907917204446,
    "p_value": 0.07615691685725098
  },
  "midas_s_26433.1": {
    "correlation": 0.48669580399061685,
    "p_value": 0.07758606796797035
  },
  "Dethiobacteraceae.1": {
    "correlation": 0.47788663224180117,
    "p_value": 0.08393279407007884
  },
  "Syner-01.1": {
    "correlation": -0.4756741941295706,
    "p_value": 0.08558234427331553
  },
  "Pseudarcobacter.1": {
    "correlation": -0.4753962574121955,
    "p_value": 0.08579116266542461
  },
  "midas_s_82500.1": {
    "correlation": -0.47517271586170984,
    "p_value": 0.0859593719423585
  },
  "midas_s_22737.1": {
    "correlation": 0.4725201980491426,
    "p_value": 0.08797299160956658
  },
  "midas_s_5574.1": {
    "correlation": 0.46903687979287895,
    "p_value": 0.09066709146214882
  },
  "Methanosarcina.3": {
    "correlation": 0.4641164172902361,
    "p_value": 0.09457001469857731
  },
  "midas_s_269.1": {
    "correlation": -0.4577789080974648,
    "p_value": 0.09976698839517267
  },
  "midas_s_49937.1": {
    "correlation": -0.453549813007265,
    "p_value": 0.10334288779943089
  },
  "midas_s_57020.1": {
    "correlation": 0.45134460502703266,
    "p_value": 0.10524210993586036
  },
  "midas_s_38974.1": {
    "correlation": -0.4469124986705733,
    "p_value": 0.10913161082125511
  },
  "Methanothrix.1": {
    "correlation": -0.43585030810942055,
    "p_value": 0.11926679519690961
  },
  "midas_s_5446.3": {
    "correlation": -0.4357537473447216,
    "p_value": 0.1193579804030146
  },
  "midas_s_876.1": {
    "correlation": -0.42544004918271644,
    "p_value": 0.12937209650106926
  },
  "midas_s_91084.1": {
    "correlation": 0.42054297626373693,
    "p_value": 0.13431926068642613
  },
  "Mycobacterium.1": {
    "correlation": -0.4181803752734912,
    "p_value": 0.1367507836650583
  },
  "LNR_A2-18.2": {
    "correlation": 0.41815080321157605,
    "p_value": 0.13678140376515738
  },