{
  "midas_s_114539.1": {
    "correlation": -0.700851043855779,
    "p_value": 0.005234703150228097
  },
  "midas_s_101322.1": {
    "correlation": -0.6578825155800266,
    "p_value": 0.01054392695286426
  },
  "Xanthobacter.1": {
    "correlation": -0.6546197903264972,
    "p_value": 0.011072284705239624
  },
  "midas_s_360.1": {
    "correlation": -0.6262437784580188,
    "p_value": 0.016571076675303865
  },
  "midas_s_5996.1": {
    "correlation": -0.624038694731054,
    "p_value": 0.01707193882588685
  },
  "Methanobacteriaceae.1": {
    "correlation": -0.6108081923692649,
    "p_value": 0.020322670170257684
  },
  "Comamonadaceae.1": {
    "correlation": -0.5936361761679148,
    "p_value": 0.02521401565041631
  },
  "midas_s_5149.1": {
    "correlation": -0.5871978987242619,
    "p_value": 0.02725841271360703
  },
  "Methanobacterium_beijingense.2": {
    "correlation": 0.5865522713726515,
    "p_value": 0.027470051958397728
  },
  "midas_s_102854.1": {
    "correlation": -0.5843471876456866,
    "p_value": 0.02820215295046694
  },
  "EBM-39.1": {
    "correlation": -0.5843471876456866,
    "p_value": 0.02820215295046694
  },
  "midas_s_119364.1": {
    "correlation": -0.5711166852838975,
    "p_value": 0.03290455597168991
  },
  "midas_s_99172.1": {
    "correlation": -0.5647843994759517,
    "p_value": 0.03535031117582864
  },
  "midas_s_56159.1": {
    "correlation": -0.5622963503760381,
    "p_value": 0.036347144536378946
  },
  "Desulfovibrio_sulfodismutans.1": {
    "correlation": -0.5604366361146386,
    "p_value": 0.03710567885842131
  },
  "midas_s_269.1": {
    "correlation": -0.5492805140001412,
    "p_value": 0.04190339215720068
  },
  "Leucobacter.1": {
    "correlation": -0.547005692765486,
    "p_value": 0.042934974481711345
  },
  "midas_s_32633.1": {
    "correlation": -0.5299117648665647,
    "p_value": 0.05129073199435442
  },
  "midas_s_1625.1": {
    "correlation": 0.520399185835093,
    "p_value": 0.05642130153306387
  },
  "midas_s_3679.1": {
    "correlation": 0.5137845083828112,
    "p_value": 0.06020054392841228
  },
  "Methanobacterium_beijingense.11": {
    "correlation": 0.5005726560562911,
    "p_value": 0.06828784658556519
  },
  "midas_s_18280.1": {
    "correlation": -0.4961438385670925,
    "p_value": 0.07116415537940726
  },
  "midas_s_94642.1": {
    "correlation": 0.49337868558222747,
    "p_value": 0.07300305376365723
  },
  "Enterobacteriaceae.1": {
    "correlation": 0.48886139287247227,
    "p_value": 0.07607928366729112
  },
  "midas_s_14202.1": {
    "correlation": -0.48732350365923294,
    "p_value": 0.07714717339636842
  },
  "Firmicutes.1": {
    "correlation": 0.48732350365923294,
    "p_value": 0.07714717339636842
  },
  "Mesotoga_infera.1": {
    "correlation": -0.4851184199322681,
    "p_value": 0.0786967707785937
  },
  "Pseudarcobacter.1": {
    "correlation": -0.48384973881610305,
    "p_value": 0.07959820580704845
  },
  "midas_g_824.1": {
    "correlation": -0.4827348776667572,
    "p_value": 0.08039633432470814
  },
  "LNR_A2-18.2": {
    "correlation": 0.47188791757047904,
    "p_value": 0.08845780370931394
  },
  "midas_s_8128.1": {
    "correlation": -0.46968283384351417,
    "p_value": 0.09016320072145717
  },
  "midas_s_42539.1": {
    "correlation": -0.466827572997996,
    "p_value": 0.09240535453367
  },
  "midas_s_40737.1": {
    "correlation": 0.4624674679051791,
    "p_value": 0.09590367990137795
  },
  "Desulfovibrio.1": {
    "correlation": -0.4586574152086898,
    "p_value": 0.09903505177411714
  },
  "midas_s_5574.1": {
    "correlation": 0.456452331481725,
    "p_value": 0.10087931635869186
  },
  "midas_s_101116.1": {
    "correlation": 0.44961267879850275,
    "p_value": 0.10675046275503625
  },
  "midas_s_38974.1": {
    "correlation": -0.4366065779390413,
    "p_value": 0.11855426449882506
  },
  "midas_s_27766.1": {
    "correlation": 0.429165547272908,
    "p_value": 0.12569177359895475
  },
  "Soehngenia.1": {
    "correlation": -0.4258769590501184,
    "p_value": 0.1289367714347528
  },
  "Methanobacterium_beijingense.1": {
    "correlation": -0.4233760755772522,
    "p_value": 0.131441969727936
  },
  "midas_s_46673.1": {
    "correlation": 0.4189659081233225,
    "p_value": 0.13593909061383366
  },
  "midas_s_49937.1": {
    "correlation": -0.41676082439635764,
    "p_value": 0.13822582462419716
  },
  "Mesotoga_infera.2": {
    "correlation": 0.41676082439635764,
    "p_value": 0.13822582462419716
  },
  "Methanosarcina.3": {
    "correlation": 0.4163162793904856,
    "p_value": 0.13868992493052035
  },
  "Petrimonas_sulfuriphila.1": {
    "correlation": -0.41584320870600566,
    "p_value": 0.13918494817984248
  },
  "midas_s_90665.1": {
    "correlation": 0.41495784266488533,
    "p_value": 0.14011456743241868
  },
  "midas_s_22737.1": {
    "correlation": 0.41443555071030036,
    "p_value": 0.14066490380617352
  },
  "Endomicrobium.1": {
    "correlation": -0.40507824968384226,
    "p_value": 0.15076978714063938
  },
  "midas_s_20752.1": {
    "correlation": 0.40368181433160044,
    "p_value": 0.1523178329786978
  },
  "midas_s_91583.1": {
    "correlation": -0.39470998712670907,
    "p_value": 0.16251407594359385
  },
  "LNR_A2-18.1": {
    "correlation": 0.39250490339974425,
    "p_value": 0.16508678355130987
  },
  "Desulfovibrio_aminophilus.1": {
    "correlation": -0.3902998196727794,
    "p_value": 0.16768594832917186
  },
  "Acetoanaerobium.1": {
    "correlation": -0.3880947359458145,
    "p_value": 0.1703116370299103
  },
  "Syntrophomonas.2": {
    "correlation": 0.38443325495839953,
    "p_value": 0.1747302801745719
  },
  "midas_s_36575.1": {
    "correlation": 0.38147948476491994,
    "p_value": 0.17834847900102674
  },
  "Acetobacterium.1": {
    "correlation": 0.38147948476491994,
    "p_value": 0.17834847900102674
  },
  "Ochrobactrum.1": {
    "correlation": -0.3698784106371919,
    "p_value": 0.1930250887337156
  },
  "midas_s_876.1": {
    "correlation": -0.364919207860796,
    "p_value": 0.19952687106092656
  },
  "Proteiniborus_ethanoligenes.1": {
    "correlation": -0.3601934807272732,
    "p_value": 0.20585017791844812
  },
  "Aminivibrio_pyruvatiphilus.1": {
    "correlation": -0.35942864749527137,
    "p_value": 0.20688530510573497
  },
  "Romboutsia_lituseburensis.1": {
    "correlation": -0.3579216119770776,
    "p_value": 0.20893450998655122
  },
  "Methanobacterium_beijingense.17": {
    "correlation": 0.3545258454919834,
    "p_value": 0.2135985578059791
  },
  "Thauera.2": {
    "correlation": -0.34187855797842887,
    "p_value": 0.23153902234837198
  },
  "midas_s_47294.1": {
    "correlation": -0.34187855797842887,
    "p_value": 0.23153902234837198
  },
  "Methanothrix.1": {
    "correlation": -0.3395828939525877,
    "p_value": 0.23489194582581283
  },
  "Methanobacterium_formicicum.1": {
    "correlation": -0.3285574753177634,
    "p_value": 0.25140867967450947
  },
  "Leptonema_illini.1": {
    "correlation": 0.3273098951632486,
    "p_value": 0.2533207519099597
  },
  "Clostridium_citroniae.1": {
    "correlation": -0.3241473078638337,
    "p_value": 0.25820707870796905
  },
  "midas_s_3064.1": {
    "correlation": -0.3122925502984674,
    "p_value": 0.277023803462847
  },
  "midas_s_22101.1": {
    "correlation": -0.30445276499869306,
    "p_value": 0.2899007694682808
  },
  "Methanobacterium.1": {
    "correlation": -0.30430155432115,
    "p_value": 0.290152514449928
  },
  "midas_s_14041.1": {
    "correlation": -0.30209647059418515,
    "p_value": 0.29383817783233984
  },
  "Dethiobacteraceae.1": {
    "correlation": 0.30209647059418515,
    "p_value": 0.29383817783233984
  },
  "Methanothrix_harundinacea.3": {
    "correlation": 0.3012183463871742,
    "p_value": 0.29531346074379244
  },
  "midas_g_1743.1": {
    "correlation": -0.29768630314025546,
    "p_value": 0.301290814912707
  },
  "Soehngenia.2": {
    "correlation": -0.2967017485312793,
    "p_value": 0.3029693675228064
  },