{
  "Methanosarcina.1": {
    "correlation": 0.938590635448906,
    "p_value": 0.0005526162917581612
  },
  "midas_s_56159.1": {
    "correlation": -0.8751723492699258,
    "p_value": 0.004418764327686459
  },
  "midas_s_94642.1": {
    "correlation": 0.8676688508739642,
    "p_value": 0.005233544810403645
  },
  "Sphingopyxis.2": {
    "correlation": 0.8137334712067349,
    "p_value": 0.01398343106128763
  },
  "midas_s_27766.1": {
    "correlation": 0.8137334712067349,
    "p_value": 0.01398343106128763
  },
  "midas_s_78044.1": {
    "correlation": 0.7356521196761695,
    "p_value": 0.03750954117949253
  },
  "Ca_Caldatribacterium.1": {
    "correlation": 0.7102848052045775,
    "p_value": 0.04834893444391568
  },
  "midas_s_84394.1": {
    "correlation": -0.6974858324629156,
    "p_value": 0.05445834965513976
  },
  "midas_s_32633.1": {
    "correlation": -0.6635114741977373,
    "p_value": 0.07282741557422916
  },
  "midas_s_46586.1": {
    "correlation": 0.637991802113209,
    "p_value": 0.08873290181210808
  },
  "Methanosarcina.3": {
    "correlation": 0.6151246852292455,
    "p_value": 0.10455324537893884
  },
  "midas_s_38974.2": {
    "correlation": 0.6151246852292455,
    "p_value": 0.10455324537893884
  },
  "Ochrobactrum.1": {
    "correlation": 0.5961318900824132,
    "p_value": 0.11883225962779186
  },
  "Desulfuromonadaceae.1": {
    "correlation": -0.5961318900824132,
    "p_value": 0.11883225962779186
  },
  "midas_s_84729.1": {
    "correlation": 0.5707645756108212,
    "p_value": 0.13952527333202414
  },
  "midas_s_112429.1": {
    "correlation": -0.5608108108108107,
    "p_value": 0.1481522383863977
  },
  "midas_s_21122.1": {
    "correlation": -0.5580809183750252,
    "p_value": 0.15056817707150397
  },
  "Stappia.1": {
    "correlation": 0.5580809183750252,
    "p_value": 0.15056817707150397
  },
  "Enterobacteriaceae.1": {
    "correlation": 0.5521762840331415,
    "p_value": 0.15586719599658494
  },
  "midas_s_31096.1": {
    "correlation": 0.5453972611392292,
    "p_value": 0.16207466589728678
  },
  "midas_s_57020.1": {
    "correlation": -0.5314177771146025,
    "p_value": 0.17529215610460647
  },
  "Petrimonas_sulfuriphila.2": {
    "correlation": -0.5314177771146025,
    "p_value": 0.17529215610460647
  },
  "midas_s_7659.1": {
    "correlation": -0.5314177771146025,
    "p_value": 0.17529215610460647
  },
  "midas_s_83426.1": {
    "correlation": -0.5314177771146025,
    "p_value": 0.17529215610460647
  },
  "Thiobacillus.1": {
    "correlation": 0.5103934416905671,
    "p_value": 0.19622166506705413
  },
  "midas_s_94423.1": {
    "correlation": 0.507346289431841,
    "p_value": 0.19935922397700803
  },
  "Methanobacterium_beijingense.11": {
    "correlation": 0.5,
    "p_value": 0.20703125
  },
  "Desulfovibrio.1": {
    "correlation": -0.49466263219604506,
    "p_value": 0.21270051737141585
  },
  "Leptonema_illini.1": {
    "correlation": 0.49405246466123187,
    "p_value": 0.21335371779218643
  },
  "Sulfuricurvum.1": {
    "correlation": -0.47952150981825453,
    "p_value": 0.22921654736278185
  },
  "midas_s_96264.1": {
    "correlation": 0.469295317724453,
    "p_value": 0.24073100627140578
  },
  "midas_s_141.1": {
    "correlation": 0.4678877204190327,
    "p_value": 0.24233846048949292
  },
  "Lentimicrobium.1": {
    "correlation": 0.4566116604886569,
    "p_value": 0.2554109324387585
  },
  "midas_s_93835.1": {
    "correlation": 0.44392800325286097,
    "p_value": 0.27052687941331255
  },
  "midas_s_114219.1": {
    "correlation": -0.44392800325286097,
    "p_value": 0.27052687941331255
  },
  "midas_s_116071.1": {
    "correlation": -0.43918918918918914,
    "p_value": 0.27628511886014145
  },
  "midas_s_57644.2": {
    "correlation": 0.43592864528932224,
    "p_value": 0.2802817696224519
  },
  "midas_s_49937.1": {
    "correlation": -0.43124434601706485,
    "p_value": 0.28607285351540845
  },
  "Propionicicella.1": {
    "correlation": 0.4185606887812689,
    "p_value": 0.3020423440505048
  },
  "midas_s_91453.1": {
    "correlation": 0.4058770315454729,
    "p_value": 0.3184283380810326
  },
  "Pirellulaceae.1": {
    "correlation": 0.4058770315454729,
    "p_value": 0.3184283380810326
  },
  "midas_s_5149.1": {
    "correlation": 0.4058770315454729,
    "p_value": 0.3184283380810326
  },
  "midas_s_14202.1": {
    "correlation": 0.4058770315454729,
    "p_value": 0.3184283380810326
  },
  "midas_s_25887.1": {
    "correlation": 0.4058770315454729,
    "p_value": 0.3184283380810326
  },
  "Burkholderiales.1": {
    "correlation": -0.39319337430967677,
    "p_value": 0.3352233351982496
  },
  "midas_g_1743.1": {
    "correlation": 0.39319337430967677,
    "p_value": 0.3352233351982496
  },
  "Mesotoga_infera.2": {
    "correlation": 0.38050971707388076,
    "p_value": 0.3524193622940928
  },
  "Christensenellaceae_R-7_group.1": {
    "correlation": 0.38050971707388076,
    "p_value": 0.3524193622940928
  },
  "Methanobacteriaceae.1": {
    "correlation": -0.36782605983808475,
    "p_value": 0.37000798833303294
  },
  "Firmicutes.2": {
    "correlation": 0.36782605983808475,
    "p_value": 0.37000798833303294
  },
  "midas_s_91638.1": {
    "correlation": 0.35514240260228874,
    "p_value": 0.3879803391239292
  },
  "midas_s_99172.1": {
    "correlation": 0.35514240260228874,
    "p_value": 0.3879803391239292
  },
  "midas_s_46586.2": {
    "correlation": -0.3514998201309974,
    "p_value": 0.39321139020718054
  },
  "Methanobacterium_beijingense.2": {
    "correlation": 0.3424587453664927,
    "p_value": 0.4063271120918799
  },
  "Methanothrix.1": {
    "correlation": 0.3424587453664927,
    "p_value": 0.4063271120918799
  },
  "midas_s_8128.1": {
    "correlation": -0.3424587453664927,
    "p_value": 0.4063271120918799
  },
  "midas_s_101116.1": {
    "correlation": 0.3379189091915236,
    "p_value": 0.4129830846749954
  },
  "midas_s_46918.1": {
    "correlation": -0.32977508813069667,
    "p_value": 0.425038591050081
  },
  "EBM-39.1": {
    "correlation": -0.32977508813069667,
    "p_value": 0.425038591050081
  },
  "midas_s_59647.1": {
    "correlation": -0.3243243243243243,
    "p_value": 0.433189333282495
  },
  "midas_s_57644.1": {
    "correlation": -0.3243243243243243,
    "p_value": 0.433189333282495
  },
  "Romboutsia_lituseburensis.1": {
    "correlation": -0.3189959010566045,
    "p_value": 0.4412196468040116
  },
  "Methanobacterium.1": {
    "correlation": -0.31709143089490066,
    "p_value": 0.4441046609716747
  },
  "Campylobacterales.1": {
    "correlation": -0.30515005170252557,
    "p_value": 0.4623696062975625
  },
  "midas_s_5574.1": {
    "correlation": 0.3044077736591046,
    "p_value": 0.4635148227616074
  },
  "Acetoanaerobium.1": {
    "correlation": -0.3044077736591046,
    "p_value": 0.4635148227616074
  },
  "midas_g_9269.1": {
    "correlation": 0.304054054054054,
    "p_value": 0.4640609572872353
  },
  "Methanothrix_harundinacea.3": {
    "correlation": 0.2989282658232709,
    "p_value": 0.47200399302922413
  },
  "Pseudarcobacter.1": {
    "correlation": -0.29347622897207615,
    "p_value": 0.4805114437374124
  },
  "midas_s_9526.1": {
    "correlation": 0.29172411642330864,
    "p_value": 0.4832582080284803
  },
  "midas_s_14041.1": {
    "correlation": 0.29172411642330864,
    "p_value": 0.4832582080284803
  },
  "midas_s_40737.1": {
    "correlation": 0.29061909685954823,
    "p_value": 0.48499369479361965
  },
  "midas_s_1625.1": {
    "correlation": 0.29061909685954823,
    "p_value": 0.48499369479361965
  },
  "midas_s_98644.2": {
    "correlation": 0.29061909685954823,
    "p_value": 0.48499369479361965
  },
  "midas_s_22737.1": {
    "correlation": 0.29061909685954823,
    "p_value": 0.48499369479361965
  },
  "midas_s_100693.1": {
    "correlation": 0.29061909685954823,
    "p_value": 0.48499369479361965
  },
  "midas_s_113358.1": {
    "correlation": 0.280716392929812,
    "p_value": 0.5006542346756777
  },