{
  "Methanobacterium_beijingense.1": {
    "correlation": -0.8681318681318682,
    "p_value": 5.6798189086915105e-05
  },
  "midas_s_22101.1": {
    "correlation": -0.8294229333851104,
    "p_value": 0.00024363554541987742
  },
  "midas_s_32633.1": {
    "correlation": -0.8031955372131259,
    "p_value": 0.0005409311242344712
  },
  "Methanobacterium_beijingense.17": {
    "correlation": 0.7956046684707213,
    "p_value": 0.0006669562287364297
  },
  "Syntrophomonas.2": {
    "correlation": 0.7937781338623605,
    "p_value": 0.0007005397791266345
  },
  "Mesotoga_infera.1": {
    "correlation": -0.7802197802197802,
    "p_value": 0.0009944938002309496
  },
  "Methanothrix_harundinacea.3": {
    "correlation": 0.766011880722713,
    "p_value": 0.0014006723742926144
  },
  "Methanobacterium_beijingense.2": {
    "correlation": 0.7626373626373627,
    "p_value": 0.0015142307860533148
  },
  "midas_s_8128.1": {
    "correlation": -0.7538461538461538,
    "p_value": 0.001844725289257219
  },
  "midas_s_876.1": {
    "correlation": -0.7402352134502609,
    "p_value": 0.0024667960781286076
  },
  "Aminivibrio_pyruvatiphilus.1": {
    "correlation": -0.7362637362637363,
    "p_value": 0.0026764473596131945
  },
  "midas_s_20752.1": {
    "correlation": 0.7305215537944738,
    "p_value": 0.0030041824361949584
  },
  "midas_s_825.1": {
    "correlation": -0.7215305192862342,
    "p_value": 0.0035800610531398335
  },
  "Methanobacterium.1": {
    "correlation": -0.7186813186813187,
    "p_value": 0.003779579961412288
  },
  "Petrimonas_sulfuriphila.1": {
    "correlation": -0.7111550109235498,
    "p_value": 0.004348818548063026
  },
  "Dethiobacteraceae.1": {
    "correlation": 0.7054945054945055,
    "p_value": 0.004819557979048519
  },
  "Soehngenia.1": {
    "correlation": -0.7000432138778694,
    "p_value": 0.005309692206473009
  },
  "Methanobacterium_beijingense.11": {
    "correlation": 0.6911537762413249,
    "p_value": 0.006191546171983443
  },
  "midas_s_14202.1": {
    "correlation": -0.6879120879120879,
    "p_value": 0.006540042491841914
  },
  "Mesotoga_infera.2": {
    "correlation": 0.6835164835164835,
    "p_value": 0.007036743639884641
  },
  "Desulfovibrio_sulfodismutans.1": {
    "correlation": -0.6766313919553,
    "p_value": 0.007873091510753341
  },
  "Desulfitibacter.1": {
    "correlation": 0.666707822740828,
    "p_value": 0.009211688424520451
  },
  "midas_s_18280.1": {
    "correlation": -0.665934065934066,
    "p_value": 0.00932299909684176
  },
  "midas_s_5574.1": {
    "correlation": 0.6615384615384616,
    "p_value": 0.009975179240423711
  },
  "Acetoanaerobium.1": {
    "correlation": -0.6483516483516484,
    "p_value": 0.012144222573105724
  },
  "midas_s_90665.1": {
    "correlation": 0.6406112087120771,
    "p_value": 0.013575757893716798
  },
  "midas_s_94642.1": {
    "correlation": 0.6402644138402115,
    "p_value": 0.013642782618058609
  },
  "Desulfovibrio.1": {
    "correlation": -0.6395604395604396,
    "p_value": 0.013779616833463787
  },
  "midas_s_101322.1": {
    "correlation": -0.6326577775855171,
    "p_value": 0.015177565950401428
  },
  "midas_s_101116.1": {
    "correlation": 0.6203150964930326,
    "p_value": 0.017943717606269
  },
  "midas_s_22737.1": {
    "correlation": 0.6172535584652759,
    "p_value": 0.01868544191413519
  },
  "Romboutsia_lituseburensis.1": {
    "correlation": -0.6172535584652759,
    "p_value": 0.01868544191413519
  },
  "Comamonadaceae.1": {
    "correlation": -0.6070441023796258,
    "p_value": 0.021327616455087354
  },
  "midas_s_38974.2": {
    "correlation": 0.6070441023796258,
    "p_value": 0.021327616455087354
  },
  "midas_s_40737.1": {
    "correlation": 0.601624349296256,
    "p_value": 0.022839852560461997
  },
  "midas_s_360.1": {
    "correlation": -0.6,
    "p_value": 0.023308410879999977
  },
  "midas_s_114539.1": {
    "correlation": -0.5987457641043301,
    "p_value": 0.02367512226912891
  },
  "midas_s_84394.2": {
    "correlation": 0.5970492591875391,
    "p_value": 0.024178019905993515
  },
  "midas_s_46586.2": {
    "correlation": 0.5937838414133642,
    "p_value": 0.025168516980512975
  },
  "Acetobacterium.1": {
    "correlation": 0.5824175824175825,
    "p_value": 0.028854655357671764
  },
  "midas_s_114219.1": {
    "correlation": -0.5824175824175825,
    "p_value": 0.028854655357671764
  },
  "midas_s_56159.1": {
    "correlation": -0.5780219780219781,
    "p_value": 0.030383014145236965
  },
  "midas_s_3679.1": {
    "correlation": 0.5692307692307692,
    "p_value": 0.03361941707727023
  },
  "Peptostreptococcales-Tissierellales.1": {
    "correlation": -0.5516483516483517,
    "p_value": 0.040849058351122895
  },
  "midas_s_57020.1": {
    "correlation": 0.5512983581003714,
    "p_value": 0.041003660751672055
  },
  "Methanospirillum_hungatei.1": {
    "correlation": 0.5455712818854864,
    "p_value": 0.04359493768873663
  },
  "midas_s_538.1": {
    "correlation": 0.5353258118031298,
    "p_value": 0.04852660292978591
  },
  "midas_s_82500.1": {
    "correlation": -0.532718794613201,
    "p_value": 0.0498437217532043
  },
  "midas_s_98644.2": {
    "correlation": 0.5302030767619516,
    "p_value": 0.05113916167632228
  },
  "Thermovirga.4": {
    "correlation": 0.5250803417207732,
    "p_value": 0.05385231379044265
  },
  "midas_s_99172.1": {
    "correlation": -0.5231839070065792,
    "p_value": 0.05488264774296711
  },
  "Endomicrobium.1": {
    "correlation": -0.5148517966962525,
    "p_value": 0.05957878711846656
  },
  "midas_s_21122.1": {
    "correlation": -0.514353798871447,
    "p_value": 0.05986832203657599
  },
  "midas_s_5446.3": {
    "correlation": -0.5097121365972385,
    "p_value": 0.06261580655398345
  },
  "Methanobacteriaceae.1": {
    "correlation": -0.5076923076923077,
    "p_value": 0.06383915813376861
  },
  "midas_s_1625.1": {
    "correlation": 0.5045989166161,
    "p_value": 0.06574576684265683
  },
  "midas_s_5149.1": {
    "correlation": -0.4950498045156275,
    "p_value": 0.07188773497236514
  },
  "EBM-39.1": {
    "correlation": -0.48571428571428577,
    "p_value": 0.07827588645863327
  },
  "Methanosarcina.3": {
    "correlation": 0.4840984613913471,
    "p_value": 0.07942091035236433
  },
  "midas_s_269.1": {
    "correlation": -0.47461831226335244,
    "p_value": 0.08637754333677351
  },
  "Methanobacterium_formicicum.1": {
    "correlation": -0.4681318681318682,
    "p_value": 0.09137636506833118
  },
  "midas_s_25887.1": {
    "correlation": 0.4681318681318682,
    "p_value": 0.09137636506833118
  },
  "Enterobacteriaceae.1": {
    "correlation": 0.4620841009803943,
    "p_value": 0.0962156064671934
  },
  "Syntrophobacter_sulfatireducens.1": {
    "correlation": 0.4593406593406593,
    "p_value": 0.09846837616829027
  },
  "midas_g_1743.1": {
    "correlation": -0.4593406593406593,
    "p_value": 0.09846837616829027
  },
  "midas_s_92454.1": {
    "correlation": 0.45764604150778004,
    "p_value": 0.09987801229644964
  },
  "midas_s_47294.1": {
    "correlation": -0.4575780636244475,
    "p_value": 0.09993484794412946
  },
  "Methanobacterium_beijingense.3": {
    "correlation": 0.45494505494505494,
    "p_value": 0.10215352669182914
  },
  "midas_s_94423.1": {
    "correlation": 0.45494505494505494,
    "p_value": 0.10215352669182914
  },
  "Desulfovibrio_aminophilus.1": {
    "correlation": -0.45054945054945056,
    "p_value": 0.10593278527264058
  },
  "midas_s_22225.1": {
    "correlation": 0.450276286013419,
    "p_value": 0.10617077521334391
  },
  "midas_s_78044.1": {
    "correlation": -0.4414961954911688,
    "p_value": 0.11401725231754249
  },
  "Propionicicella.1": {
    "correlation": -0.4348828256552578,
    "p_value": 0.12018255933116528
  },
  "Xanthobacter.1": {
    "correlation": -0.4248018786396005,
    "p_value": 0.1300097299542098
  },
  "midas_s_83426.1": {
    "correlation": 0.42090829000194335,
    "p_value": 0.13394589712344313
  },