{
  "Methanobacterium_beijingense.1": {
    "correlation": -0.7122420438096482,
    "p_value": 0.004262697408893682
  },
  "midas_s_95280.1": {
    "correlation": 0.6873896111047203,
    "p_value": 0.006597609746982292
  },
  "Desulfovibrio.2": {
    "correlation": 0.6758714906154181,
    "p_value": 0.007969916314379053
  },
  "Soehngenia.1": {
    "correlation": -0.6633423838607866,
    "p_value": 0.009703410663256008
  },
  "Sulfuricurvum.1": {
    "correlation": -0.6630222227329956,
    "p_value": 0.009751222544290094
  },
  "Syntrophomonas.2": {
    "correlation": 0.6552578763619287,
    "p_value": 0.01096738764390995
  },
  "Petrimonas_sulfuriphila.1": {
    "correlation": -0.6510789112179821,
    "p_value": 0.011668468514527961
  },
  "midas_s_79195.1": {
    "correlation": 0.6391920089905329,
    "p_value": 0.013851646940045405
  },
  "midas_s_32633.1": {
    "correlation": -0.6300333425602473,
    "p_value": 0.015736505937492942
  },
  "midas_s_70352.1": {
    "correlation": 0.6270442726622129,
    "p_value": 0.016392044785307952
  },
  "midas_s_876.1": {
    "correlation": -0.621904565509244,
    "p_value": 0.01756755362076633
  },
  "Methanobacterium_beijingense.2": {
    "correlation": 0.6218336110040892,
    "p_value": 0.017584217002473295
  },
  "Methanobacterium_beijingense.3": {
    "correlation": 0.6108081923692649,
    "p_value": 0.020322670170257684
  },
  "midas_s_96664.1": {
    "correlation": -0.6108081923692649,
    "p_value": 0.020322670170257684
  },
  "midas_s_269.1": {
    "correlation": -0.6068663743388658,
    "p_value": 0.021375975555886575
  },
  "EBM-39.1": {
    "correlation": -0.6041929411883703,
    "p_value": 0.022113427051180388
  },
  "midas_s_22225.1": {
    "correlation": 0.6007294661620963,
    "p_value": 0.023097104386082506
  },
  "Desulfitibacter.1": {
    "correlation": 0.5953358537506891,
    "p_value": 0.02469402528507577
  },
  "Desulfovibrio.1": {
    "correlation": -0.579937020191757,
    "p_value": 0.029709923872446767
  },
  "Aminivibrio_pyruvatiphilus.1": {
    "correlation": -0.577731936464792,
    "p_value": 0.030485937642728944
  },
  "midas_s_18280.1": {
    "correlation": -0.5424505968333544,
    "p_value": 0.045056351167532906
  },
  "midas_s_22101.1": {
    "correlation": -0.5367389486643627,
    "p_value": 0.04782333819779747
  },
  "midas_s_49937.1": {
    "correlation": -0.5336302619254949,
    "p_value": 0.04938031162051103
  },
  "Gordonia.1": {
    "correlation": 0.5220763272492027,
    "p_value": 0.055490945269658906
  },
  "midas_s_5446.3": {
    "correlation": -0.5165405688733803,
    "p_value": 0.05860443504424188
  },
  "Methanobacterium_beijingense.11": {
    "correlation": 0.5117212675497496,
    "p_value": 0.06141569829725891
  },
  "Desulfovibrio_aminophilus.1": {
    "correlation": -0.5115794246558464,
    "p_value": 0.061499878898265976
  },
  "Azoarcus.1": {
    "correlation": -0.5103758472677973,
    "p_value": 0.06221751077771748
  },
  "Desulfuromonadaceae.1": {
    "correlation": -0.5055199955182554,
    "p_value": 0.06517386183106508
  },
  "midas_g_9269.1": {
    "correlation": -0.5026321363336687,
    "p_value": 0.06697894458712972
  },
  "midas_s_56159.1": {
    "correlation": -0.4961438385670925,
    "p_value": 0.07116415537940726
  },
  "Mesotoga_infera.1": {
    "correlation": -0.48732350365923294,
    "p_value": 0.07714717339636842
  },
  "Syner-01.2": {
    "correlation": 0.48565239744111877,
    "p_value": 0.07831952657099503
  },
  "Desulfovibrio_sulfodismutans.1": {
    "correlation": -0.48107197086964626,
    "p_value": 0.08159725748512997
  },
  "midas_s_42539.1": {
    "correlation": -0.478103601331281,
    "p_value": 0.08377223716967157
  },
  "midas_s_46918.1": {
    "correlation": -0.46527266638958437,
    "p_value": 0.09364256850738284
  },
  "midas_s_40737.1": {
    "correlation": 0.45443453421948116,
    "p_value": 0.10258761371148484
  },
  "midas_s_14041.1": {
    "correlation": -0.44101674539297103,
    "p_value": 0.11445679961501073
  },
  "Endomicrobium.1": {
    "correlation": -0.44039842404319635,
    "p_value": 0.11502536635799308
  },
  "midas_s_114219.1": {
    "correlation": -0.4366065779390413,
    "p_value": 0.11855426449882506
  },
  "Mesotoga_infera.2": {
    "correlation": 0.43440149421207647,
    "p_value": 0.1206399345066799
  },
  "midas_s_31096.1": {
    "correlation": -0.429221542498156,
    "p_value": 0.12563700345595374
  },
  "midas_s_1625.1": {
    "correlation": 0.42856403539360605,
    "p_value": 0.12628114340971971
  },
  "midas_s_93169.1": {
    "correlation": -0.4214559865434546,
    "p_value": 0.13338743767752562
  },
  "midas_s_90665.1": {
    "correlation": 0.4194682539981993,
    "p_value": 0.13542171081016238
  },
  "midas_s_4976.1": {
    "correlation": -0.4151382489738064,
    "p_value": 0.1399248086410303
  },
  "Methanobacterium_beijingense.17": {
    "correlation": 0.3812825130762841,
    "p_value": 0.17859146471853315
  },
  "Leptonema_illini.1": {
    "correlation": 0.3791143390020361,
    "p_value": 0.18128026645010212
  },
  "midas_s_825.1": {
    "correlation": -0.3743641406650596,
    "p_value": 0.1872618191076534
  },
  "Firmicutes.2": {
    "correlation": -0.3726591498570605,
    "p_value": 0.18943923924867465
  },
  "Enterobacteriaceae.1": {
    "correlation": 0.37181007345230277,
    "p_value": 0.1905295963791517
  },
  "midas_s_91453.1": {
    "correlation": -0.370861830773218,
    "p_value": 0.19175202990834253
  },
  "midas_s_92051.1": {
    "correlation": -0.3696953492131657,
    "p_value": 0.1932626591286614
  },
  "Comamonadaceae.1": {
    "correlation": -0.364919207860796,
    "p_value": 0.19952687106092656
  },
  "midas_s_91583.1": {
    "correlation": -0.3616337312222363,
    "p_value": 0.2039098192001383
  },
  "midas_s_101322.1": {
    "correlation": -0.3597795007078271,
    "p_value": 0.20641005325176331
  },
  "midas_s_360.1": {
    "correlation": -0.3550184800413417,
    "p_value": 0.2129179217600017
  },
  "midas_s_84837.3": {
    "correlation": 0.35463979355485814,
    "p_value": 0.213441003368153
  },
  "Stappia.1": {
    "correlation": -0.34840322886044717,
    "p_value": 0.22217136858923656
  },
  "Methanobacterium_formicicum.1": {
    "correlation": -0.34840322886044717,
    "p_value": 0.22217136858923656
  },
  "Romboutsia_lituseburensis.1": {
    "correlation": -0.3461478747409895,
    "p_value": 0.22538236378676726
  },
  "Methanosarcina.3": {
    "correlation": 0.3443603792489202,
    "p_value": 0.22794757891427508
  },
  "midas_g_1743.1": {
    "correlation": -0.3395828939525877,
    "p_value": 0.23489194582581283
  },
  "midas_s_20752.1": {
    "correlation": 0.3360256443318908,
    "p_value": 0.2401460957404012
  },
  "midas_s_5149.1": {
    "correlation": -0.33223039006767446,
    "p_value": 0.24583037485164883
  },
  "Xanthobacter.1": {
    "correlation": -0.3320193900576838,
    "p_value": 0.24614877755999262
  },
  "LNR_A2-18.1": {
    "correlation": -0.32194222413686885,
    "p_value": 0.26164733449599237
  },
  "Campylobacterales.1": {
    "correlation": -0.3178909053743781,
    "p_value": 0.26803927574358233
  },
  "Thauera.2": {
    "correlation": -0.3174586609799696,
    "p_value": 0.2687266937729709
  },
  "Dethiobacter.1": {
    "correlation": -0.31347358766532096,
    "p_value": 0.27511377271262794
  },
  "Syntrophorhabdus.1": {
    "correlation": 0.309841727876919,
    "p_value": 0.2810123448708932
  },
  "midas_s_78044.1": {
    "correlation": -0.3086941659218193,
    "p_value": 0.2828914890270481
  },
  "Clostridium_citroniae.1": {
    "correlation": 0.30209647059418515,
    "p_value": 0.29383817783233984
  },
  "midas_s_102854.1": {
    "correlation": -0.29768630314025546,
    "p_value": 0.301290814912707
  },
  "Methanobacterium_beijingense.4": {
    "correlation": -0.29768630314025546,
    "p_value": 0.301290814912707
  },
  "midas_f_46203.1": {
    "correlation": -0.294343430902202,
    "p_value": 0.30701191953833157
  },