{
  "midas_s_91638.1": {
    "correlation": 0.7133773703326859,
    "p_value": 0.004174183431127294
  },
  "midas_s_36575.1": {
    "correlation": 0.5956043956043956,
    "p_value": 0.024612610795286847
  },
  "midas_s_5446.2": {
    "correlation": -0.5719725795305594,
    "p_value": 0.03258387330861748
  },
  "Campylobacterales.1": {
    "correlation": -0.5703141243614526,
    "p_value": 0.033207376846975285
  },
  "Methanobacterium_beijingense.4": {
    "correlation": 0.5692307692307692,
    "p_value": 0.03361941707727023
  },
  "midas_s_57644.2": {
    "correlation": -0.5656201809510703,
    "p_value": 0.03502003660667721
  },
  "Xanthobacter.1": {
    "correlation": -0.5233746902576293,
    "p_value": 0.054778355672392254
  },
  "midas_s_3064.1": {
    "correlation": 0.49669358260118285,
    "p_value": 0.07080252285075866
  },
  "midas_s_98644.2": {
    "correlation": 0.4840984613913471,
    "p_value": 0.07942091035236433
  },
  "midas_s_8102.1": {
    "correlation": -0.48002963237339613,
    "p_value": 0.08235641933656762
  },
  "midas_s_119547.6": {
    "correlation": 0.42774837593838605,
    "p_value": 0.12708331611507986
  },
  "midas_s_84729.1": {
    "correlation": 0.410989010989011,
    "p_value": 0.14433266812460507
  },
  "Sulfuricurvum.1": {
    "correlation": -0.40725743577367296,
    "p_value": 0.14837485863151462
  },
  "midas_s_531.2": {
    "correlation": -0.40646562034724854,
    "p_value": 0.14924212907468448
  },
  "Dethiobacter.1": {
    "correlation": 0.3978532769896058,
    "p_value": 0.15889234809374214
  },
  "midas_g_75908.1": {
    "correlation": 0.37537569071900656,
    "p_value": 0.18597759518056922
  },
  "midas_s_102854.1": {
    "correlation": -0.37142857142857144,
    "p_value": 0.1910208120436164
  },
  "midas_g_58386.1": {
    "correlation": -0.3608363019580574,
    "p_value": 0.20498271249107117
  },
  "midas_s_93169.1": {
    "correlation": 0.35090735032071185,
    "p_value": 0.21863968998665526
  },
  "LNR_A2-18.3": {
    "correlation": 0.34578461527953364,
    "p_value": 0.225902218354437
  },
  "Ca_Caldatribacterium.1": {
    "correlation": 0.3362637362637363,
    "p_value": 0.23979220225725306
  },
  "midas_s_4976.1": {
    "correlation": -0.33101391836662153,
    "p_value": 0.24766949696724938
  },
  "Firmicutes.2": {
    "correlation": 0.3274725274725274,
    "p_value": 0.2530710007719406
  },
  "Endomicrobium.1": {
    "correlation": -0.31243143218319597,
    "p_value": 0.276798791058865
  },
  "midas_s_93835.1": {
    "correlation": -0.3080309894763904,
    "p_value": 0.28398080866843284
  },
  "Methanosarcina.1": {
    "correlation": 0.3054945054945055,
    "p_value": 0.2881698858754571
  },
  "midas_s_49937.1": {
    "correlation": 0.3054945054945055,
    "p_value": 0.2881698858754571
  },
  "midas_s_84837.3": {
    "correlation": 0.3048027349501074,
    "p_value": 0.2893186074615928
  },
  "Methanothrix.1": {
    "correlation": 0.3010989010989011,
    "p_value": 0.2955144656072166
  },
  "Methanobacterium_beijingense.17": {
    "correlation": 0.30001852023337255,
    "p_value": 0.29733616303901833
  },
  "Desulfovibrio.1": {
    "correlation": -0.2967032967032967,
    "p_value": 0.30296672383870205
  },
  "midas_s_5574.1": {
    "correlation": 0.2923076923076923,
    "p_value": 0.3105263203858819
  },
  "midas_s_114219.1": {
    "correlation": -0.2923076923076923,
    "p_value": 0.3105263203858819
  },
  "Thermovirga.4": {
    "correlation": -0.2894345298265726,
    "p_value": 0.3155254377225631
  },
  "midas_g_9269.1": {
    "correlation": -0.28594313179479847,
    "p_value": 0.32166157939147044
  },
  "midas_s_42539.1": {
    "correlation": -0.28096982838248996,
    "p_value": 0.33051794137180046
  },
  "midas_s_119364.1": {
    "correlation": -0.27912087912087913,
    "p_value": 0.33384507719455425
  },
  "Syntrophomonas.2": {
    "correlation": 0.27679295157736494,
    "p_value": 0.33806067338827717
  },
  "midas_s_22225.1": {
    "correlation": 0.27503362334873704,
    "p_value": 0.3412661943763321
  },
  "midas_s_92051.1": {
    "correlation": 0.274595689507366,
    "p_value": 0.34206673263667153
  },
  "midas_s_5149.1": {
    "correlation": 0.2662267837617375,
    "p_value": 0.35756450285085084
  },
  "midas_s_114539.1": {
    "correlation": -0.2555622163859946,
    "p_value": 0.3778578298424252
  },
  "Pseudarcobacter.1": {
    "correlation": 0.2533489726415146,
    "p_value": 0.3821449547138023
  },
  "midas_s_32633.1": {
    "correlation": -0.250694364645309,
    "p_value": 0.38732099150233223
  },
  "midas_s_57020.1": {
    "correlation": 0.24934241092506426,
    "p_value": 0.38997126086282374
  },
  "Lentimicrobium.1": {
    "correlation": -0.24835164835164836,
    "p_value": 0.39191953893845743
  },
  "midas_s_76790.1": {
    "correlation": -0.2362053926147847,
    "p_value": 0.4162171933836831
  },
  "Propionicicella.1": {
    "correlation": 0.2317903385472186,
    "p_value": 0.42523600332211353
  },
  "midas_s_84394.2": {
    "correlation": 0.23104205049019716,
    "p_value": 0.42677430840541475
  },
  "midas_s_100693.1": {
    "correlation": 0.2279617093324333,
    "p_value": 0.43313632773734756
  },
  "midas_g_824.1": {
    "correlation": -0.2244583003227454,
    "p_value": 0.4404296030513879
  },
  "midas_s_1625.1": {
    "correlation": -0.22296231199316047,
    "p_value": 0.44356240845271
  },
  "Desulfitibacter.1": {
    "correlation": 0.22001358150447323,
    "p_value": 0.4497696695201273
  },
  "midas_s_876.1": {
    "correlation": -0.21259350420889844,
    "p_value": 0.4655764938578252
  },
  "midas_g_72899.1": {
    "correlation": 0.21259350420889844,
    "p_value": 0.4655764938578252
  },
  "Enterobacteriaceae.1": {
    "correlation": -0.20587905489225486,
    "p_value": 0.48010723562667357
  },
  "midas_f_46203.1": {
    "correlation": -0.20418653835163114,
    "p_value": 0.4838035273098876
  },
  "midas_s_22737.1": {
    "correlation": 0.19949259494124885,
    "p_value": 0.4941242910833733
  },
  "Clostridium_citroniae.1": {
    "correlation": -0.1956043956043956,
    "p_value": 0.5027500912969567
  },
  "Burkholderiales.1": {
    "correlation": 0.1910594833000932,
    "p_value": 0.5129195241234754
  },
  "midas_s_70352.1": {
    "correlation": 0.18697982900300708,
    "p_value": 0.5221263779162002
  },
  "midas_s_18280.1": {
    "correlation": 0.18681318681318684,
    "p_value": 0.5225040123791591
  },
  "Acetobacterium.1": {
    "correlation": 0.18681318681318684,
    "p_value": 0.5225040123791591
  },
  "midas_s_90665.1": {
    "correlation": 0.18656396604597333,
    "p_value": 0.5230690087519916
  },
  "Romboutsia_lituseburensis.1": {
    "correlation": 0.18541076471010187,
    "p_value": 0.5256869160832672
  },
  "midas_s_30888.1": {
    "correlation": -0.18254444027571043,
    "p_value": 0.532218903467214
  },
  "Peptostreptococcales-Tissierellales.1": {
    "correlation": 0.1824175824175824,
    "p_value": 0.5325088185186945
  },
  "midas_s_7659.1": {
    "correlation": -0.18185709396182878,
    "p_value": 0.5337905630737091
  },
  "midas_s_38974.2": {
    "correlation": 0.18185709396182878,
    "p_value": 0.5337905630737091
  },
  "Ochrobactrum.1": {
    "correlation": 0.17880968973642578,
    "p_value": 0.5407830513632361
  },
  "midas_s_82500.1": {
    "correlation": 0.1730774142836138,
    "p_value": 0.554042728154023
  },
  "midas_s_141.1": {
    "correlation": 0.17156587907687906,
    "p_value": 0.5575620024782005
  },
  "midas_s_5996.1": {
    "correlation": -0.16923076923076924,
    "p_value": 0.5630172739962107
  },
  "midas_s_46673.1": {
    "correlation": 0.16923076923076924,
    "p_value": 0.5630172739962107
  },
  "midas_s_825.1": {
    "correlation": 0.16408637977537416,
    "p_value": 0.5751136993869567
  },
  "midas_s_83426.1": {
    "correlation": -0.1624156988594455,
    "p_value": 0.5790649040884319
  },
  "midas_s_31096.1": {
    "correlation": 0.1511204398212543,
    "p_value": 0.6060632554862657
  },