{
  "midas_s_57644.1": {
    "correlation": -0.6637829253235243,
    "p_value": 0.009637917315488433
  },
  "midas_s_42539.1": {
    "correlation": -0.5779597613689242,
    "p_value": 0.030405070390529528
  },
  "midas_s_5996.1": {
    "correlation": -0.5317416973956742,
    "p_value": 0.05034400090675296
  },
  "midas_s_102854.1": {
    "correlation": -0.5272919760785557,
    "p_value": 0.05266849455703155
  },
  "midas_s_91583.1": {
    "correlation": -0.5272919760785557,
    "p_value": 0.05266849455703155
  },
  "Desulfovibrio_aminophilus.1": {
    "correlation": -0.5117179514686405,
    "p_value": 0.06141766537291218
  },
  "midas_s_1571.1": {
    "correlation": -0.49169420554160664,
    "p_value": 0.07413965783421003
  },
  "Endomicrobium.1": {
    "correlation": -0.4888944567248109,
    "p_value": 0.07605644002407971
  },
  "midas_s_59647.1": {
    "correlation": -0.4862987625796373,
    "p_value": 0.07786459250263363
  },
  "midas_s_7659.1": {
    "correlation": -0.4745010755242381,
    "p_value": 0.08646615394493014
  },
  "midas_s_52426.1": {
    "correlation": -0.4724045122202191,
    "p_value": 0.08806155652640472
  },
  "midas_f_46203.1": {
    "correlation": -0.470421602878077,
    "p_value": 0.089589307208749
  },
  "Methanosarcina.1": {
    "correlation": 0.46944559895601357,
    "p_value": 0.09034803339920404
  },
  "midas_s_119364.1": {
    "correlation": -0.46499587763889494,
    "p_value": 0.09386400679674294
  },
  "midas_g_75908.1": {
    "correlation": 0.4641881548002383,
    "p_value": 0.09451228786585542
  },
  "Xanthobacter.1": {
    "correlation": -0.45379053610966014,
    "p_value": 0.1031370073977988
  },
  "midas_s_70352.1": {
    "correlation": 0.4511649570558329,
    "p_value": 0.10539788131264749
  },
  "midas_s_93835.1": {
    "correlation": -0.43989364557243804,
    "p_value": 0.11549095309789821
  },
  "midas_s_84394.1": {
    "correlation": -0.4353531779284372,
    "p_value": 0.11973675601565269
  },
  "midas_g_9269.1": {
    "correlation": -0.4307217611419645,
    "p_value": 0.12417560836110562
  },
  "midas_s_92454.1": {
    "correlation": -0.4131659303984165,
    "p_value": 0.14200870403964957
  },
  "midas_s_82500.1": {
    "correlation": 0.4050269193845216,
    "p_value": 0.15082650539661346
  },
  "midas_s_99362.1": {
    "correlation": -0.3982500578821158,
    "p_value": 0.1584389744970548
  },
  "Petrimonas_sulfuriphila.2": {
    "correlation": -0.3896421357171951,
    "p_value": 0.16846630240750807
  },
  "Firmicutes.2": {
    "correlation": 0.3826760332722007,
    "p_value": 0.1768769961108843
  },
  "Pseudarcobacter.1": {
    "correlation": -0.38245243543608004,
    "p_value": 0.17715137227067823
  },
  "midas_s_91638.1": {
    "correlation": 0.3779529950191849,
    "p_value": 0.18273113864166166
  },
  "midas_s_83426.1": {
    "correlation": -0.36588192613134624,
    "p_value": 0.19825397975174686
  },
  "midas_s_47294.1": {
    "correlation": -0.3621920345097544,
    "p_value": 0.2031607706115348
  },
  "midas_s_47294.4": {
    "correlation": 0.35724284462567363,
    "p_value": 0.20986162301563427
  },
  "midas_s_57020.1": {
    "correlation": -0.3566190925584007,
    "p_value": 0.21071586719834842
  },
  "LNR_A2-18.3": {
    "correlation": 0.3552275811301673,
    "p_value": 0.21262943390655348
  },
  "Lentimicrobium.1": {
    "correlation": -0.3493031233938111,
    "p_value": 0.22089815012506744
  },
  "Stappia.1": {
    "correlation": 0.34262854141813315,
    "p_value": 0.23045006637631998
  },
  "midas_s_31096.1": {
    "correlation": 0.3340834509544581,
    "p_value": 0.2430448466662149
  },
  "midas_s_57644.2": {
    "correlation": 0.3302454686871349,
    "p_value": 0.24883557326876382
  },
  "midas_s_3679.1": {
    "correlation": -0.3292793774667773,
    "p_value": 0.25030627819276247
  },
  "midas_s_30888.1": {
    "correlation": -0.32892950072824634,
    "p_value": 0.25084020099928017
  },
  "midas_s_101322.1": {
    "correlation": -0.31374114829744704,
    "p_value": 0.27468214787855916
  },
  "EBM-39.1": {
    "correlation": -0.31148049219830287,
    "p_value": 0.27834164146861406
  },
  "midas_s_114539.1": {
    "correlation": -0.31045031529407524,
    "p_value": 0.28001876998552083
  },
  "midas_s_119547.6": {
    "correlation": -0.303369540089267,
    "p_value": 0.29170700858002385
  },
  "Syntrophobacter_sulfatireducens.1": {
    "correlation": -0.3025810495640656,
    "p_value": 0.29302590742582524
  },
  "midas_s_14041.1": {
    "correlation": -0.3025810495640656,
    "p_value": 0.29302590742582524
  },
  "midas_s_26433.1": {
    "correlation": -0.2946074684690987,
    "p_value": 0.3065577806083304
  },
  "midas_s_4976.1": {
    "correlation": 0.29197112985990414,
    "p_value": 0.3111095565585181
  },
  "midas_s_76790.1": {
    "correlation": -0.28380756329907314,
    "p_value": 0.3254479249097675
  },
  "midas_s_78044.1": {
    "correlation": 0.2836742781714551,
    "p_value": 0.32568506915289497
  },
  "midas_s_94423.1": {
    "correlation": -0.2803324429784726,
    "p_value": 0.33166278814500805
  },
  "midas_s_46673.1": {
    "correlation": 0.2803324429784726,
    "p_value": 0.33166278814500805
  },
  "Methanobacterium_beijingense.2": {
    "correlation": 0.27588272166135397,
    "p_value": 0.33971702246522995
  },
  "Acetobacterium.1": {
    "correlation": -0.27588272166135397,
    "p_value": 0.33971702246522995
  },
  "midas_s_90665.1": {
    "correlation": -0.27532728789621974,
    "p_value": 0.34072996265837674
  },
  "Clostridium_citroniae.1": {
    "correlation": -0.26920813968567603,
    "p_value": 0.352000181714507
  },
  "midas_s_96664.1": {
    "correlation": -0.2625335577099981,
    "p_value": 0.36452361154550317
  },
  "midas_s_36575.1": {
    "correlation": 0.2580838363928795,
    "p_value": 0.37300489740736165
  },
  "Desulfovibrio.1": {
    "correlation": -0.25585897573432026,
    "p_value": 0.3772849617330887
  },
  "Peptostreptococcales-Tissierellales.1": {
    "correlation": 0.25585897573432026,
    "p_value": 0.3772849617330887
  },
  "Desulfovibrio_sulfodismutans.1": {
    "correlation": -0.25378081329595037,
    "p_value": 0.3813064390695874
  },
  "Syner-01.1": {
    "correlation": -0.2536341150757609,
    "p_value": 0.3815911765643978
  },
  "midas_g_824.1": {
    "correlation": -0.2530935234503471,
    "p_value": 0.38264142848105875
  },
  "Methanobacteriaceae.1": {
    "correlation": -0.24918439375864232,
    "p_value": 0.3902816493201785
  },
  "Desulfuromonadaceae.1": {
    "correlation": -0.2472313653596993,
    "p_value": 0.3941286735825982
  },
  "Comamonadaceae.1": {
    "correlation": -0.24373279289223157,
    "p_value": 0.40106961225580673
  },
  "midas_s_38974.1": {
    "correlation": -0.24250981178296438,
    "p_value": 0.4035108598555285
  },
  "midas_g_1743.1": {
    "correlation": -0.24250981178296438,
    "p_value": 0.4035108598555285
  },
  "Syntrophorhabdus.1": {
    "correlation": -0.2315708393236368,
    "p_value": 0.4256869505955827
  },
  "Halothiobacillus_neapolitanus.1": {
    "correlation": 0.22693578717304924,
    "p_value": 0.4352657456643928
  },
  "midas_s_95280.1": {
    "correlation": -0.22578156834054589,
    "p_value": 0.43766771310552655
  },
  "Methanothrix.1": {
    "correlation": 0.22026120519737133,
    "p_value": 0.4492467683316247
  },
  "Romboutsia_lituseburensis.1": {
    "correlation": -0.21620386798941924,
    "p_value": 0.4578521755417809
  },
  "Methanosarcina.3": {
    "correlation": 0.2152108703197364,
    "p_value": 0.45997042596991344
  },
  "Sphingopyxis.2": {
    "correlation": 0.21435855103638526,
    "p_value": 0.46179237331746925
  },
  "midas_s_112429.1": {
    "correlation": -0.2138280013082168,
    "p_value": 0.46292825899736123
  },
  "midas_s_46586.1": {
    "correlation": 0.20943076825393966,
    "p_value": 0.47239437002600315
  },
  "midas_s_25887.1": {
    "correlation": 0.20913690190457476,
    "p_value": 0.473030267999901
  },
  "midas_s_91084.1": {
    "correlation": -0.20432453458340719,