{
  "midas_s_57644.1": {
    "correlation": -0.7403398881717123,
    "p_value": 0.0024614516157072403
  },
  "Pseudarcobacter.1": {
    "correlation": -0.6928056788541747,
    "p_value": 0.006019614452883053
  },
  "Halothiobacillus_neapolitanus.1": {
    "correlation": 0.6060475417153586,
    "p_value": 0.021599845488681144
  },
  "Romboutsia_lituseburensis.1": {
    "correlation": -0.5718067505377566,
    "p_value": 0.032645823493578315
  },
  "midas_s_4976.1": {
    "correlation": 0.5579514824797843,
    "p_value": 0.03813746301580068
  },
  "midas_s_57644.2": {
    "correlation": 0.5406172914175154,
    "p_value": 0.045931398371291114
  },
  "midas_f_46203.1": {
    "correlation": -0.514626075483981,
    "p_value": 0.05970989591843219
  },
  "Methanobacteriaceae.1": {
    "correlation": -0.49652087754993235,
    "p_value": 0.07091599058523365
  },
  "midas_s_25887.1": {
    "correlation": 0.4648798412354759,
    "p_value": 0.09395694722305245
  },
  "midas_s_5149.1": {
    "correlation": -0.4629549368900204,
    "p_value": 0.09550806541240871
  },
  "Leptonema_illini.1": {
    "correlation": 0.4548462788368519,
    "p_value": 0.10223741522608681
  },
  "midas_s_14202.1": {
    "correlation": -0.45271021188376187,
    "p_value": 0.10406318091463256
  },
  "Methanobacterium_formicicum.1": {
    "correlation": -0.4454084342727334,
    "p_value": 0.11047364134997101
  },
  "midas_s_59647.1": {
    "correlation": -0.4433293138324429,
    "p_value": 0.11234732944869322
  },
  "midas_s_119547.6": {
    "correlation": -0.4425020021256212,
    "p_value": 0.11309890401794007
  },
  "Desulfovibrio_sulfodismutans.1": {
    "correlation": -0.43935309973045816,
    "p_value": 0.11599095351928819
  },
  "Comamonadaceae.1": {
    "correlation": -0.43399234823859,
    "p_value": 0.12102964494978485
  },
  "Campylobacterales.1": {
    "correlation": 0.43145418449667094,
    "p_value": 0.12346633640800429
  },
  "midas_s_9526.1": {
    "correlation": -0.4235031014396482,
    "p_value": 0.13131394179901404
  },
  "midas_s_99172.1": {
    "correlation": -0.4229323226136993,
    "p_value": 0.1318898820795195
  },
  "Propionicicella.1": {
    "correlation": -0.4180429316008241,
    "p_value": 0.1368931372640931
  },
  "midas_s_101322.1": {
    "correlation": -0.4056268352818194,
    "p_value": 0.15016449928726133
  },
  "Methanobacterium_beijingense.2": {
    "correlation": 0.40159776860656293,
    "p_value": 0.15464760407174372
  },
  "Methanobacterium_beijingense.11": {
    "correlation": 0.3863960624515291,
    "p_value": 0.17235244810225345
  },
  "midas_s_5446.2": {
    "correlation": -0.38409703504043125,
    "p_value": 0.17513971221666869
  },
  "midas_s_269.1": {
    "correlation": -0.35448084843344735,
    "p_value": 0.2136607946813316
  },
  "midas_g_1743.1": {
    "correlation": -0.35048532532936394,
    "p_value": 0.21923242327336562
  },
  "Mesotoga_infera.1": {
    "correlation": -0.3480513994590212,
    "p_value": 0.22267039299938862
  },
  "midas_s_360.1": {
    "correlation": -0.3456174735886784,
    "p_value": 0.22614166135364203
  },
  "midas_s_96664.1": {
    "correlation": -0.3431835477183356,
    "p_value": 0.229646250294982
  },
  "midas_s_96264.1": {
    "correlation": 0.3431835477183356,
    "p_value": 0.229646250294982
  },
  "Desulfovibrio_aminophilus.1": {
    "correlation": -0.31884428901490747,
    "p_value": 0.26652677817366605
  },
  "Methanobacterium.1": {
    "correlation": -0.31884428901490747,
    "p_value": 0.26652677817366605
  },
  "Xanthobacter.1": {
    "correlation": -0.31189459120241275,
    "p_value": 0.2776691642596226
  },
  "midas_g_58386.1": {
    "correlation": 0.3106671287025137,
    "p_value": 0.27966530350214336
  },
  "Azoarcus.1": {
    "correlation": 0.30997304582210244,
    "p_value": 0.2807977807029914
  },
  "midas_s_141.1": {
    "correlation": -0.2913306919470339,
    "p_value": 0.3122211161580663
  },
  "midas_s_825.1": {
    "correlation": -0.29124218355251186,
    "p_value": 0.3123749119309287
  },
  "midas_s_1571.1": {
    "correlation": -0.28476932683010825,
    "p_value": 0.32373962333877493
  },
  "midas_s_40737.1": {
    "correlation": 0.2837307608527635,
    "p_value": 0.32558456184048945
  },
  "midas_s_102854.1": {
    "correlation": -0.27990147508942265,
    "p_value": 0.33243813519500187
  },
  "midas_s_18280.1": {
    "correlation": -0.27990147508942265,
    "p_value": 0.33243813519500187
  },
  "midas_s_93835.1": {
    "correlation": -0.2741180547375121,
    "p_value": 0.3429410315681869
  },
  "Dethiobacter.1": {
    "correlation": 0.2638604397997116,
    "p_value": 0.3620149745669403
  },
  "Clostridium_citroniae.1": {
    "correlation": -0.262863993997023,
    "p_value": 0.36389800027187247
  },
  "midas_s_91084.1": {
    "correlation": 0.2625112809286974,
    "p_value": 0.3645658089089395
  },
  "midas_s_93169.1": {
    "correlation": -0.2609627192022894,
    "p_value": 0.3675056327552466
  },
  "Aminivibrio_pyruvatiphilus.1": {
    "correlation": -0.2604300681266802,
    "p_value": 0.36851978400616436
  },
  "Methanothrix_harundinacea.3": {
    "correlation": 0.25669302817594464,
    "p_value": 0.375677388140772
  },
  "midas_s_1625.1": {
    "correlation": 0.2547139161486371,
    "p_value": 0.37949796335662556
  },
  "midas_s_46586.2": {
    "correlation": 0.2547139161486371,
    "p_value": 0.37949796335662556
  },
  "midas_s_22737.1": {
    "correlation": 0.2547139161486371,
    "p_value": 0.37949796335662556
  },
  "midas_s_3064.1": {
    "correlation": -0.2518036371630695,
    "p_value": 0.38515360079864813
  },
  "Proteiniborus_ethanoligenes.1": {
    "correlation": 0.24258760107816713,
    "p_value": 0.40335535148480217
  },
  "Endomicrobium.1": {
    "correlation": -0.2412238881690106,
    "p_value": 0.4060860594026895
  },
  "midas_g_75908.1": {
    "correlation": 0.2339894466148386,
    "p_value": 0.42073147495310537
  },
  "Acetobacterium.1": {
    "correlation": -0.23365688355290934,
    "p_value": 0.42141111185728686
  },
  "Soehngenia.1": {
    "correlation": -0.2313454131875397,
    "p_value": 0.42615032650368123
  },
  "midas_s_5996.1": {
    "correlation": -0.23122295768256654,
    "p_value": 0.4264021476330879
  },
  "midas_s_116071.1": {
    "correlation": 0.23045822102425878,
    "p_value": 0.4279764782965677
  },
  "midas_s_531.2": {
    "correlation": 0.22641509433962265,
    "p_value": 0.4363485056700782
  },
  "midas_s_7659.1": {
    "correlation": -0.22408755235848765,
    "p_value": 0.44120497128147673
  },
  "midas_s_56159.1": {
    "correlation": -0.2239211800715381,
    "p_value": 0.44155313657444617
  },
  "midas_s_14041.1": {
    "correlation": -0.2239211800715381,
    "p_value": 0.44155313657444617
  },
  "midas_s_114539.1": {
    "correlation": -0.22371967654986524,
    "p_value": 0.4419750034617388
  },
  "Syner-01.2": {
    "correlation": 0.2229493511865098,
    "p_value": 0.44358959835769896
  },
  "Ca_Caldatribacterium.1": {
    "correlation": -0.2214872542011953,
    "p_value": 0.446662167918502
  },
  "midas_s_46586.1": {
    "correlation": -0.21967654986522908,
    "p_value": 0.45048185250982753
  },
  "midas_s_119364.1": {
    "correlation": -0.2166194024605097,
    "p_value": 0.45696717603668846
  },
  "midas_s_20752.1": {
    "correlation": 0.21656470059032934,
    "p_value": 0.45708363158513654
  },
  "Sphingopyxis.2": {
    "correlation": 0.215633423180593,
    "p_value": 0.4590684598032577
  },
  "midas_s_84837.3": {
    "correlation": -0.21557789847145647,
    "p_value": 0.4591869317116315
  },
  "Syner-01.1": {
    "correlation": -0.21418547659016693,
    "p_value": 0.4621627701427642
  },
  "Burkholderiales.1": {
    "correlation": -0.21407545115825657,
    "p_value": 0.46239831053840563
  },
  "midas_s_91638.1": {
    "correlation": 0.2128870025608743,
    "p_value": 0.46494622170185995
  },
  "midas_s_47294.1": {
    "correlation": -0.20754716981132076,
    "p_value": 0.47647737093639675
  },