{
  "midas_s_27766.1": {
    "correlation": 0.719639952110375,
    "p_value": 0.008324506749192882
  },
  "Pseudarcobacter.1": {
    "correlation": -0.598795427820748,
    "p_value": 0.03966247003222888
  },
  "Sulfuricurvum.1": {
    "correlation": -0.5823945006828861,
    "p_value": 0.046922734875867164
  },
  "Desulfuromonadaceae.1": {
    "correlation": -0.5774759154496543,
    "p_value": 0.04927114417729953
  },
  "midas_s_32633.1": {
    "correlation": -0.5727749767149515,
    "p_value": 0.05159173220732245
  },
  "Sphingopyxis.2": {
    "correlation": 0.557923108939504,
    "p_value": 0.059425565459438515
  },
  "Methanobacterium_beijingense.11": {
    "correlation": 0.5462184380881356,
    "p_value": 0.06615517675069608
  },
  "midas_s_7659.1": {
    "correlation": -0.5349401339605768,
    "p_value": 0.07312082152143473
  },
  "Syntrophorhabdus.1": {
    "correlation": 0.5314557775992671,
    "p_value": 0.07537065549410553
  },
  "Xanthobacter.1": {
    "correlation": -0.5263337623867121,
    "p_value": 0.07876323898721975
  },
  "midas_s_94642.1": {
    "correlation": 0.5229970555015737,
    "p_value": 0.08102849532894553
  },
  "midas_s_59647.1": {
    "correlation": -0.5185935599986723,
    "p_value": 0.08408531763500181
  },
  "Romboutsia_lituseburensis.1": {
    "correlation": -0.5112781954887218,
    "p_value": 0.08933487219557419
  },
  "midas_s_46918.1": {
    "correlation": -0.49307737299218535,
    "p_value": 0.10334492085137063
  },
  "midas_s_84729.1": {
    "correlation": 0.48582623515406503,
    "p_value": 0.10931209150022679
  },
  "midas_s_56159.1": {
    "correlation": -0.4785750973159446,
    "p_value": 0.11550349090042433
  },
  "midas_s_22101.1": {
    "correlation": -0.46005014576472103,
    "p_value": 0.1323579103021327
  },
  "midas_s_112429.1": {
    "correlation": -0.4285714285714285,
    "p_value": 0.16450732644544017
  },
  "Methanobacterium_beijingense.2": {
    "correlation": 0.4278171324491021,
    "p_value": 0.16533295676407875
  },
  "Syntrophomonas.2": {
    "correlation": 0.42105263157894735,
    "p_value": 0.17285415745695162
  },
  "Syner-01.2": {
    "correlation": 0.4205659946109816,
    "p_value": 0.17340336330678863
  },
  "Leptonema_illini.1": {
    "correlation": 0.4102307265661139,
    "p_value": 0.18532626305585476
  },
  "midas_f_46203.1": {
    "correlation": -0.402490524178074,
    "p_value": 0.19458032561520527
  },
  "Methanosarcina.1": {
    "correlation": 0.3988125810966205,
    "p_value": 0.19907547261187059
  },
  "midas_s_96664.1": {
    "correlation": -0.3988125810966205,
    "p_value": 0.19907547261187059
  },
  "Desulfovibrio.1": {
    "correlation": -0.3915614432585002,
    "p_value": 0.20812283268464637
  },
  "midas_s_93835.1": {
    "correlation": 0.3915614432585002,
    "p_value": 0.20812283268464637
  },
  "Enterobacteriaceae.1": {
    "correlation": 0.3909774436090225,
    "p_value": 0.2088621971487256
  },
  "midas_s_49937.1": {
    "correlation": -0.3770591675822594,
    "p_value": 0.22695583261696908
  },
  "midas_s_269.1": {
    "correlation": -0.3651191633053342,
    "p_value": 0.24320096175532327
  },
  "midas_s_5446.2": {
    "correlation": -0.3637895122378746,
    "p_value": 0.2450513433831133
  },
  "Soehngenia.1": {
    "correlation": -0.3579945168550619,
    "p_value": 0.25321236916181583
  },
  "EBM-39.1": {
    "correlation": -0.35530575406789827,
    "p_value": 0.2570522100414164
  },
  "midas_g_75908.1": {
    "correlation": -0.34323185636619336,
    "p_value": 0.2747103315772526
  },
  "Burkholderiales.1": {
    "correlation": -0.34321201350701414,
    "p_value": 0.27473990969237555
  },
  "Mesotoga_infera.2": {
    "correlation": 0.34080347839165753,
    "p_value": 0.27834367571270824
  },
  "midas_s_91638.1": {
    "correlation": 0.3359096302409074,
    "p_value": 0.2857488208506846
  },
  "Thiobacillus.1": {
    "correlation": 0.33413700768156096,
    "p_value": 0.28845837480319714
  },
  "midas_s_4976.1": {
    "correlation": -0.33218056705616467,
    "p_value": 0.29146572739342236
  },
  "midas_s_9526.1": {
    "correlation": 0.3263012027154168,
    "p_value": 0.3006091866874054
  },
  "midas_s_114219.1": {
    "correlation": -0.3263012027154168,
    "p_value": 0.3006091866874054
  },
  "Methanobacterium.1": {
    "correlation": -0.31905006487729637,
    "p_value": 0.3121040651249244
  },
  "Ca_Caldatribacterium.1": {
    "correlation": 0.31179892703917605,
    "p_value": 0.323838252404698
  },
  "midas_s_8102.1": {
    "correlation": 0.3067000971764807,
    "p_value": 0.33223177121511016
  },
  "Methanobacterium_beijingense.1": {
    "correlation": -0.3045477892010557,
    "p_value": 0.3358099009982606
  },
  "Methanosarcina.3": {
    "correlation": 0.30198233368742244,
    "p_value": 0.34010196340794585
  },
  "midas_s_21122.1": {
    "correlation": -0.29729665136293526,
    "p_value": 0.34801695020613754
  },
  "midas_s_82500.1": {
    "correlation": -0.29209533064426735,
    "p_value": 0.35691692955214727
  },
  "midas_s_8128.1": {
    "correlation": -0.29004551352481495,
    "p_value": 0.3604571272621032
  },
  "Methanobacteriaceae.1": {
    "correlation": -0.2827943756866945,
    "p_value": 0.37312794868323884
  },
  "Methanobacterium_beijingense.3": {
    "correlation": 0.2827943756866945,
    "p_value": 0.37312794868323884
  },
  "Christensenellaceae_R-7_group.1": {
    "correlation": 0.2796581477334804,
    "p_value": 0.37867905554511316
  },
  "Methanothrix_harundinacea.3": {
    "correlation": 0.277490564112054,
    "p_value": 0.3825404693219119
  },
  "Petrimonas_sulfuriphila.1": {
    "correlation": -0.277490564112054,
    "p_value": 0.3825404693219119
  },
  "Desulfovibrio_sulfodismutans.1": {
    "correlation": -0.27477718477541596,
    "p_value": 0.3874026207172213
  },
  "Clostridium_citroniae.1": {
    "correlation": 0.2610409621723334,
    "p_value": 0.41249631869094106
  },
  "midas_s_84394.1": {
    "correlation": -0.25929677999933615,
    "p_value": 0.41573924853057687
  },
  "midas_s_93169.1": {
    "correlation": -0.2588420003035049,
    "p_value": 0.41658688658066856
  },
  "Mesotoga_infera.1": {
    "correlation": -0.2537898243342131,
    "p_value": 0.42606072918826865
  },
  "midas_s_40737.1": {
    "correlation": 0.2515565776112963,
    "p_value": 0.4302818735464231
  },
  "midas_s_26433.1": {
    "correlation": 0.25066110691484966,
    "p_value": 0.43198014486135283
  },
  "Ochrobactrum.1": {
    "correlation": 0.2506027557611707,
    "p_value": 0.43209092166156726
  },
  "Methanobacterium_formicicum.1": {
    "correlation": -0.24653868649609267,
    "p_value": 0.43984026997998227
  },
  "midas_s_1625.1": {
    "correlation": 0.2438163752232564,
    "p_value": 0.4450683477756243
  },
  "Halothiobacillus_neapolitanus.1": {
    "correlation": 0.2392875486579723,
    "p_value": 0.4538312350261742
  },
  "midas_s_18280.1": {
    "correlation": -0.2392875486579723,
    "p_value": 0.4538312350261742
  },
  "midas_s_94423.1": {
    "correlation": 0.2392875486579723,
    "p_value": 0.4538312350261742
  },
  "Pirellulaceae.1": {
    "correlation": 0.23203641081985196,
    "p_value": 0.46802972364550155
  },
  "midas_s_101116.1": {
    "correlation": 0.2263738812493072,
    "p_value": 0.4792592258042616
  },
  "midas_s_3064.1": {
    "correlation": -0.2263738812493072,
    "p_value": 0.4792592258042616
  },
  "midas_s_20752.1": {
    "correlation": 0.22556390977443608,
    "p_value": 0.4808755247894273
  },
  "midas_s_57644.2": {
    "correlation": 0.22059576805913672,
    "p_value": 0.49084372556125444
  },
  "Desulfitibacter.1": {
    "correlation": 0.21036791196637655,
    "p_value": 0.5116540980850761
  },
  "Syntrophobacter_sulfatireducens.1": {
    "correlation": 0.20303185946737046,
    "p_value": 0.5268142729054073
  },
  "Methanobacterium_beijingense.4": {
    "correlation": 0.1957807216292501,
    "p_value": 0.541985292531403
  },
  "Acetoanaerobium.1": {
    "correlation": -0.1957807216292501,