{
  "midas_s_32633.1": {
    "correlation": 0.8494401287496391,
    "p_value": 0.00012059870781323692
  },
  "Desulfovibrio.1": {
    "correlation": 0.8065934065934066,
    "p_value": 0.0004911128961691055
  },
  "Acetoanaerobium.1": {
    "correlation": 0.7142857142857143,
    "p_value": 0.00410440916188023
  },
  "Methanobacterium_beijingense.1": {
    "correlation": 0.6791208791208792,
    "p_value": 0.007562257031145479
  },
  "midas_s_8128.1": {
    "correlation": 0.6791208791208792,
    "p_value": 0.007562257031145479
  },
  "Methanobacterium_beijingense.17": {
    "correlation": -0.6733749009682363,
    "p_value": 0.008294532862139369
  },
  "Petrimonas_sulfuriphila.1": {
    "correlation": 0.6689301821499641,
    "p_value": 0.00889768466034624
  },
  "midas_s_114539.1": {
    "correlation": 0.6620278367332431,
    "p_value": 0.00990088013467432
  },
  "Methanobacterium_beijingense.2": {
    "correlation": -0.6395604395604396,
    "p_value": 0.013779616833463787
  },
  "midas_s_5574.1": {
    "correlation": -0.6131868131868132,
    "p_value": 0.019706331926038816
  },
  "EBM-39.1": {
    "correlation": 0.6087912087912088,
    "p_value": 0.02085661601722322
  },
  "Aminivibrio_pyruvatiphilus.1": {
    "correlation": 0.6043956043956044,
    "p_value": 0.022056861754616085
  },
  "Syntrophomonas.2": {
    "correlation": -0.5924741690788224,
    "p_value": 0.025574208472652238
  },
  "midas_s_5996.1": {
    "correlation": 0.5868131868131868,
    "p_value": 0.02738437553108774
  },
  "midas_s_21122.1": {
    "correlation": 0.576164555817372,
    "p_value": 0.031046629752445928
  },
  "Mesotoga_infera.1": {
    "correlation": 0.5736263736263736,
    "p_value": 0.03197081397639698
  },
  "Acetobacterium.1": {
    "correlation": -0.5736263736263736,
    "p_value": 0.03197081397639698
  },
  "midas_g_824.1": {
    "correlation": 0.5644792899205677,
    "p_value": 0.035471452766049794
  },
  "midas_s_101116.1": {
    "correlation": -0.5629193936146738,
    "p_value": 0.0360955990166819
  },
  "Endomicrobium.1": {
    "correlation": 0.5588562237643083,
    "p_value": 0.03775941698237578
  },
  "midas_s_5446.3": {
    "correlation": 0.555816751967843,
    "p_value": 0.039040503988183255
  },
  "Leucobacter.1": {
    "correlation": 0.552501172567817,
    "p_value": 0.040474135044126024
  },
  "midas_s_102854.1": {
    "correlation": 0.5516483516483517,
    "p_value": 0.040849058351122895
  },
  "Desulfovibrio_sulfodismutans.1": {
    "correlation": 0.5403315432161028,
    "p_value": 0.046068896803664786
  },
  "midas_s_119364.1": {
    "correlation": 0.5384615384615385,
    "p_value": 0.04697614585955518
  },
  "midas_s_38974.2": {
    "correlation": -0.5353258118031298,
    "p_value": 0.04852660292978591
  },
  "midas_s_94642.1": {
    "correlation": -0.5346537888768776,
    "p_value": 0.04886367089262568
  },
  "Methanothrix_harundinacea.3": {
    "correlation": -0.5320140151417113,
    "p_value": 0.050204207763165774
  },
  "midas_s_22737.1": {
    "correlation": -0.518680746847247,
    "p_value": 0.05738618706089159
  },
  "midas_s_114219.1": {
    "correlation": 0.5120879120879122,
    "p_value": 0.06119848615645835
  },
  "midas_s_20752.1": {
    "correlation": -0.5102412083426018,
    "p_value": 0.06229816089279813
  },
  "midas_s_36575.1": {
    "correlation": -0.5076923076923077,
    "p_value": 0.06383915813376861
  },
  "midas_s_101322.1": {
    "correlation": 0.5045894015560602,
    "p_value": 0.06575169346526552
  },
  "Methanobacteriaceae.1": {
    "correlation": 0.5032967032967033,
    "p_value": 0.06656042759911303
  },
  "midas_s_56159.1": {
    "correlation": 0.49890109890109896,
    "p_value": 0.06936352739715487
  },
  "Mycobacterium.1": {
    "correlation": 0.49521102979533527,
    "p_value": 0.07178077584907663
  },
  "midas_s_1571.1": {
    "correlation": 0.4945054945054946,
    "p_value": 0.07224967403413257
  },
  "Soehngenia.2": {
    "correlation": 0.4892190999389039,
    "p_value": 0.07583240333990711
  },
  "midas_s_22101.1": {
    "correlation": 0.4877636220720025,
    "p_value": 0.07684048587548296
  },
  "midas_s_876.1": {
    "correlation": 0.47897572635016883,
    "p_value": 0.08312904083698895
  },
  "Xanthobacter.1": {
    "correlation": 0.47643525615380605,
    "p_value": 0.08501236975447674
  },
  "Desulfovibrio_aminophilus.1": {
    "correlation": 0.4681318681318682,
    "p_value": 0.09137636506833118
  },
  "midas_s_116071.1": {
    "correlation": 0.4648798412354759,
    "p_value": 0.09395694722305245
  },
  "Dethiobacteraceae.1": {
    "correlation": -0.46373626373626364,
    "p_value": 0.09487633150889971
  },
  "Methanobacterium.1": {
    "correlation": 0.4593406593406593,
    "p_value": 0.09846837616829027
  },
  "Syner-01.1": {
    "correlation": 0.4593406593406593,
    "p_value": 0.09846837616829027
  },
  "Campylobacterales.1": {
    "correlation": 0.45296553910189447,
    "p_value": 0.10384377097332952
  },
  "Mesotoga_infera.2": {
    "correlation": -0.45054945054945056,
    "p_value": 0.10593278527264058
  },
  "midas_s_25887.1": {
    "correlation": -0.43736263736263736,
    "p_value": 0.11784483174447676
  },
  "midas_s_46586.2": {
    "correlation": -0.43418976546036514,
    "p_value": 0.12084149905956974
  },
  "Methanospirillum_hungatei.1": {
    "correlation": -0.4328711109795643,
    "p_value": 0.12210199688848876
  },
  "midas_s_538.1": {
    "correlation": -0.4328711109795643,
    "p_value": 0.12210199688848876
  },
  "midas_s_38974.1": {
    "correlation": 0.4241758241758242,
    "p_value": 0.13063731043811047
  },
  "midas_s_14202.1": {
    "correlation": 0.4241758241758242,
    "p_value": 0.13063731043811047
  },
  "Comamonadaceae.1": {
    "correlation": 0.4226256408972078,
    "p_value": 0.13220003727271415
  },
  "midas_s_360.1": {
    "correlation": 0.4197802197802198,
    "p_value": 0.13510107382914271
  },
  "Enterobacteriaceae.1": {
    "correlation": -0.41633319989322654,
    "p_value": 0.13867224106649903
  },
  "Lentimicrobium.1": {
    "correlation": 0.4153846153846154,
    "p_value": 0.1396659475175257
  },
  "midas_s_84394.2": {
    "correlation": -0.4140456548388682,
    "p_value": 0.14107667385991463
  },
  "Soehngenia.1": {
    "correlation": 0.4111364906901772,
    "p_value": 0.14417443322483406
  },
  "midas_s_40737.1": {
    "correlation": -0.40947056473015137,
    "p_value": 0.14596856752481693
  },
  "Desulfitibacter.1": {
    "correlation": -0.40891413128104115,
    "p_value": 0.14657111112554194
  },
  "midas_s_825.1": {
    "correlation": 0.40684431149784545,
    "p_value": 0.14882693330267738
  },
  "midas_s_99172.1": {
    "correlation": 0.40397744718229534,
    "p_value": 0.15198923118451885
  },
  "midas_s_42539.1": {
    "correlation": 0.3978532769896058,
    "p_value": 0.15889234809374214
  },
  "Methanobacterium_beijingense.11": {
    "correlation": -0.39780233423536066,
    "p_value": 0.15895061843434016
  },
  "midas_s_3679.1": {
    "correlation": -0.389010989010989,
    "p_value": 0.16921738979769044
  },
  "midas_s_90665.1": {
    "correlation": -0.3888622424813661,
    "p_value": 0.16939472034477326
  },
  "Thermovirga.4": {
    "correlation": -0.38676649560895987,
    "p_value": 0.1719060576197633
  },
  "Sulfuricurvum.1": {
    "correlation": 0.38164376056778154,
    "p_value": 0.1781459905147937
  },
  "Firmicutes.1": {
    "correlation": -0.367032967032967,
    "p_value": 0.1967388717074885
  },
  "midas_s_47294.1": {
    "correlation": 0.362654954681078,
    "p_value": 0.20254101348363884
  },
  "midas_s_84729.1": {
    "correlation": -0.3538461538461538,
    "p_value": 0.21453987088124626
  },
  "midas_g_1743.1": {
    "correlation": 0.3538461538461538,
    "p_value": 0.21453987088124626
  },
  "midas_s_98644.2": {
    "correlation": -0.34578461527953364,
    "p_value": 0.225902218354437
  },
  "midas_s_93835.1": {
    "correlation": 0.34323453113083496,
    "p_value": 0.22957249791590922
  },