{
  "Desulfovibrio_sulfodismutans.1": {
    "correlation": -0.9069563718385057,
    "p_value": 4.6894083179363024e-05
  },
  "Desulfitibacter.1": {
    "correlation": 0.8150756607987959,
    "p_value": 0.0012372420128365493
  },
  "midas_s_269.1": {
    "correlation": -0.8098792374845986,
    "p_value": 0.0014079414425093228
  },
  "midas_s_101322.1": {
    "correlation": -0.8031936860396814,
    "p_value": 0.001653530743528971
  },
  "Comamonadaceae.1": {
    "correlation": -0.7953956890878399,
    "p_value": 0.0019800904587873092
  },
  "midas_s_40737.1": {
    "correlation": 0.7949864493893075,
    "p_value": 0.0019984946709851277
  },
  "Methanobacterium_beijingense.2": {
    "correlation": 0.7902097902097903,
    "p_value": 0.0022231354099909208
  },
  "midas_s_8128.1": {
    "correlation": -0.7902097902097903,
    "p_value": 0.0022231354099909208
  },
  "Mesotoga_infera.1": {
    "correlation": -0.7832167832167832,
    "p_value": 0.0025862148333625915
  },
  "Syntrophomonas.2": {
    "correlation": 0.7831228865170003,
    "p_value": 0.0025913790039255413
  },
  "midas_s_22737.1": {
    "correlation": 0.7797996951841569,
    "p_value": 0.0027792715386246803
  },
  "Methanobacterium_beijingense.1": {
    "correlation": -0.7552447552447553,
    "p_value": 0.004508435484294225
  },
  "midas_s_1625.1": {
    "correlation": 0.7501984804096283,
    "p_value": 0.004946689662223248
  },
  "midas_s_5446.3": {
    "correlation": -0.7252137165212658,
    "p_value": 0.0076077456298081995
  },
  "midas_s_32633.1": {
    "correlation": -0.7203398344231754,
    "p_value": 0.008231839810837631
  },
  "midas_s_20752.1": {
    "correlation": 0.7178626459739169,
    "p_value": 0.00856333307795743
  },
  "Desulfovibrio_aminophilus.1": {
    "correlation": -0.7062937062937064,
    "p_value": 0.010245193941127854
  },
  "Leptonema_illini.1": {
    "correlation": 0.6942135191850292,
    "p_value": 0.012251710226365543
  },
  "midas_s_25887.1": {
    "correlation": 0.6713286713286714,
    "p_value": 0.016831456186893395
  },
  "Methanobacterium_formicicum.1": {
    "correlation": -0.6643356643356644,
    "p_value": 0.018452718028445437
  },
  "Dethiobacteraceae.1": {
    "correlation": 0.6643356643356644,
    "p_value": 0.018452718028445437
  },
  "midas_s_18280.1": {
    "correlation": -0.6573426573426573,
    "p_value": 0.020185498509854096
  },
  "Petrimonas_sulfuriphila.1": {
    "correlation": -0.6549458181397187,
    "p_value": 0.02080585667851121
  },
  "Methanobacterium_beijingense.17": {
    "correlation": 0.6549079545282902,
    "p_value": 0.020815766877094424
  },
  "Soehngenia.1": {
    "correlation": -0.6549079545282902,
    "p_value": 0.020815766877094424
  },
  "midas_s_360.1": {
    "correlation": -0.6503496503496504,
    "p_value": 0.022034190932365288
  },
  "midas_g_1743.1": {
    "correlation": -0.6503496503496504,
    "p_value": 0.022034190932365288
  },
  "Mesotoga_infera.2": {
    "correlation": 0.6503496503496504,
    "p_value": 0.022034190932365288
  },
  "Methanobacterium.1": {
    "correlation": -0.6363636363636365,
    "p_value": 0.026096891052703127
  },
  "Thauera.2": {
    "correlation": -0.631637753099167,
    "p_value": 0.027584641058513742
  },
  "midas_s_876.1": {
    "correlation": -0.631637753099167,
    "p_value": 0.027584641058513742
  },
  "EBM-39.1": {
    "correlation": -0.6293706293706295,
    "p_value": 0.02831967129576002
  },
  "Methanothrix_harundinacea.3": {
    "correlation": 0.6197336773795189,
    "p_value": 0.03160240696084901
  },
  "Endomicrobium.1": {
    "correlation": -0.6153846153846154,
    "p_value": 0.03316990109010587
  },
  "Aminivibrio_pyruvatiphilus.1": {
    "correlation": -0.6153846153846154,
    "p_value": 0.03316990109010587
  },
  "midas_s_825.1": {
    "correlation": -0.612691249227479,
    "p_value": 0.03416813855342598
  },
  "midas_s_5149.1": {
    "correlation": -0.6059553951126696,
    "p_value": 0.036758515626188176
  },
  "midas_s_94642.1": {
    "correlation": 0.5919448657459025,
    "p_value": 0.04259018281345192
  },
  "Methanobacterium_beijingense.11": {
    "correlation": 0.5837223072969543,
    "p_value": 0.046302544719796064
  },
  "midas_s_90665.1": {
    "correlation": 0.5728398892115094,
    "p_value": 0.051559176595582804
  },
  "midas_s_22101.1": {
    "correlation": -0.570436680315239,
    "p_value": 0.05277409602042297
  },
  "Azoarcus.1": {
    "correlation": -0.5614557805325929,
    "p_value": 0.05749182876683778
  },
  "midas_s_83426.1": {
    "correlation": 0.5598496122459913,
    "p_value": 0.0583655029726765
  },
  "Methanosarcina.3": {
    "correlation": 0.5575015729819163,
    "p_value": 0.05965928961710007
  },
  "Methanobacterium_beijingense.3": {
    "correlation": 0.5454545454545455,
    "p_value": 0.06661188226688902
  },
  "midas_s_14202.1": {
    "correlation": -0.5454545454545455,
    "p_value": 0.06661188226688902
  },
  "Xanthobacter.1": {
    "correlation": -0.5411879585044582,
    "p_value": 0.06920281057108871
  },
  "midas_s_5574.1": {
    "correlation": 0.5384615384615385,
    "p_value": 0.07089431754922315
  },
  "midas_s_3679.1": {
    "correlation": 0.5384615384615385,
    "p_value": 0.07089431754922315
  },
  "Acetoanaerobium.1": {
    "correlation": -0.5384615384615385,
    "p_value": 0.07089431754922315
  },
  "midas_s_46586.2": {
    "correlation": 0.5380617896770681,
    "p_value": 0.0711446933690692
  },
  "midas_s_42539.1": {
    "correlation": -0.5293330621827872,
    "p_value": 0.07676426169926862
  },
  "midas_s_84394.2": {
    "correlation": 0.5262586355112318,
    "p_value": 0.07881376077165628
  },
  "midas_s_114539.1": {
    "correlation": -0.5187939740146186,
    "p_value": 0.08394451996430038
  },
  "Petrimonas_sulfuriphila.2": {
    "correlation": 0.5150616432663119,
    "p_value": 0.08659296996223635
  },
  "midas_s_70352.1": {
    "correlation": 0.5117365184834007,
    "p_value": 0.08899964021074676
  },
  "Romboutsia_lituseburensis.1": {
    "correlation": -0.4930773729921854,
    "p_value": 0.10334492085137051
  },
  "midas_s_38974.2": {
    "correlation": 0.4864842726238136,
    "p_value": 0.10876136536814023
  },
  "midas_s_30888.1": {
    "correlation": 0.47567781406233567,
    "p_value": 0.11804066418376953
  },
  "midas_s_101116.1": {
    "correlation": 0.47184268618667913,
    "p_value": 0.1214551428911612
  },
  "midas_s_22225.1": {
    "correlation": 0.46008182015865257,
    "p_value": 0.1323278037107373
  },
  "Methanobacteriaceae.1": {
    "correlation": -0.4545454545454546,
    "p_value": 0.13765791634772945
  },
  "Methanospirillum_hungatei.1": {
    "correlation": 0.4497684784635258,
    "p_value": 0.14236698178496868
  },
  "midas_s_95280.1": {
    "correlation": 0.4495705459634632,
    "p_value": 0.14256430946578091
  },
  "midas_s_56159.1": {
    "correlation": -0.44755244755244755,
    "p_value": 0.14458630130334754
  },
  "Christensenellaceae_R-7_group.1": {
    "correlation": 0.4448343073948499,
    "p_value": 0.14733869871238872
  },
  "midas_s_538.1": {
    "correlation": 0.4405895299234538,
    "p_value": 0.15170380186479593
  },
  "midas_s_79195.1": {
    "correlation": 0.4350682702872224,
    "p_value": 0.15750401510460624
  },
  "Firmicutes.1": {
    "correlation": 0.43356643356643365,
    "p_value": 0.1591057694121953
  },
  "Enterobacteriaceae.1": {
    "correlation": 0.4278171324491021,
    "p_value": 0.16533295676407875
  },
  "Desulfuromonadaceae.1": {
    "correlation": -0.4238185133446995,
    "p_value": 0.16975340732567462
  },
  "midas_s_47294.1": {
    "correlation": -0.4180210438103401,
    "p_value": 0.17629335013688166
  },
  "Desulfovibrio.1": {
    "correlation": -0.4125874125874127,
    "p_value": 0.18256397857316675
  },
  "Dethiobacter.1": {
    "correlation": -0.4057581892186145,
    "p_value": 0.19063953591847155
  },
  "midas_s_36575.1": {
    "correlation": 0.4055944055944056,
    "p_value": 0.19083587400450033
  },
  "Propionicicella.1": {
    "correlation": -0.4055944055944056,