{
  "Methanobacterium_beijingense.1": {
    "correlation": -0.8153846153846154,
    "p_value": 0.00037913223820058216
  },
  "midas_s_8128.1": {
    "correlation": -0.8021978021978022,
    "p_value": 0.0005563056127922433
  },
  "Methanobacterium_beijingense.17": {
    "correlation": 0.8000493872889934,
    "p_value": 0.0005906042134297617
  },
  "Methanothrix_harundinacea.3": {
    "correlation": 0.7880871510605434,
    "p_value": 0.0008139628682561547
  },
  "midas_s_32633.1": {
    "correlation": -0.7861580561207262,
    "p_value": 0.0008555814858817334
  },
  "Syntrophomonas.2": {
    "correlation": 0.7754777734274934,
    "p_value": 0.0011178863733673037
  },
  "Aminivibrio_pyruvatiphilus.1": {
    "correlation": -0.7538461538461538,
    "p_value": 0.001844725289257219
  },
  "midas_s_22101.1": {
    "correlation": -0.7529991400650731,
    "p_value": 0.0018793659038038458
  },
  "Dethiobacteraceae.1": {
    "correlation": 0.745054945054945,
    "p_value": 0.0022300373167420734
  },
  "Mesotoga_infera.1": {
    "correlation": -0.7362637362637363,
    "p_value": 0.0026764473596131945
  },
  "Methanobacterium.1": {
    "correlation": -0.7318681318681319,
    "p_value": 0.002924630946811919
  },
  "midas_s_20752.1": {
    "correlation": 0.7305215537944738,
    "p_value": 0.0030041824361949584
  },
  "Methanobacterium_beijingense.2": {
    "correlation": 0.7230769230769231,
    "p_value": 0.003475294618094306
  },
  "Soehngenia.1": {
    "correlation": -0.7133773703326859,
    "p_value": 0.004174183431127294
  },
  "midas_s_101116.1": {
    "correlation": 0.708616177844354,
    "p_value": 0.004555273789453278
  },
  "Acetoanaerobium.1": {
    "correlation": -0.7010989010989012,
    "p_value": 0.005211861769946939
  },
  "midas_s_825.1": {
    "correlation": -0.6945574157615152,
    "p_value": 0.005841379203423767
  },
  "midas_s_94642.1": {
    "correlation": 0.6864690622616699,
    "p_value": 0.006699995189704235
  },
  "Mesotoga_infera.2": {
    "correlation": 0.6835164835164835,
    "p_value": 0.007036743639884641
  },
  "midas_s_876.1": {
    "correlation": -0.6787623929561216,
    "p_value": 0.007606420569213058
  },
  "Petrimonas_sulfuriphila.1": {
    "correlation": -0.6755972603773723,
    "p_value": 0.008005083628776423
  },
  "midas_s_22737.1": {
    "correlation": 0.6688869359794813,
    "p_value": 0.008903715022689154
  },
  "midas_s_38974.2": {
    "correlation": 0.668516922873765,
    "p_value": 0.0089554398435164
  },
  "Desulfovibrio_sulfodismutans.1": {
    "correlation": -0.6668956884739287,
    "p_value": 0.009184818022050543
  },
  "midas_s_5574.1": {
    "correlation": 0.6615384615384616,
    "p_value": 0.009975179240423711
  },
  "Methanobacterium_beijingense.11": {
    "correlation": 0.6533736662860113,
    "p_value": 0.011279361410369986
  },
  "midas_s_18280.1": {
    "correlation": -0.6395604395604396,
    "p_value": 0.013779616833463787
  },
  "midas_s_14202.1": {
    "correlation": -0.6395604395604396,
    "p_value": 0.013779616833463787
  },
  "midas_s_101322.1": {
    "correlation": -0.6377805126266953,
    "p_value": 0.01413026793027701
  },
  "midas_s_40737.1": {
    "correlation": 0.6336499800572734,
    "p_value": 0.01497024172137783
  },
  "midas_s_56159.1": {
    "correlation": -0.6131868131868132,
    "p_value": 0.019706331926038816
  },
  "midas_s_46586.2": {
    "correlation": 0.6078656716445112,
    "p_value": 0.021105142074292118
  },
  "Desulfitibacter.1": {
    "correlation": 0.6067041186941534,
    "p_value": 0.02142019683592601
  },
  "midas_s_84394.2": {
    "correlation": 0.6039118943506144,
    "p_value": 0.022192050721053288
  },
  "midas_s_90665.1": {
    "correlation": 0.6001515534249985,
    "p_value": 0.023264390848355646
  },
  "Desulfovibrio.1": {
    "correlation": -0.6,
    "p_value": 0.023308410879999977
  },
  "Comamonadaceae.1": {
    "correlation": -0.5916758972560908,
    "p_value": 0.025823876972579006
  },
  "midas_s_3679.1": {
    "correlation": 0.5912087912087912,
    "p_value": 0.025970813668962523
  },
  "Thermovirga.4": {
    "correlation": 0.5814304271737344,
    "p_value": 0.02919278542758912
  },
  "Romboutsia_lituseburensis.1": {
    "correlation": -0.5750080677718349,
    "p_value": 0.03146522413618426
  },
  "midas_s_360.1": {
    "correlation": -0.5736263736263736,
    "p_value": 0.03197081397639698
  },
  "Acetobacterium.1": {
    "correlation": 0.5736263736263736,
    "p_value": 0.03197081397639698
  },
  "midas_s_114539.1": {
    "correlation": -0.5719725795305594,
    "p_value": 0.03258387330861748
  },
  "Peptostreptococcales-Tissierellales.1": {
    "correlation": -0.5648351648351648,
    "p_value": 0.03533018486755279
  },
  "midas_s_47294.1": {
    "correlation": -0.5573690243085024,
    "p_value": 0.038382313946646256
  },
  "midas_s_538.1": {
    "correlation": 0.5506940169266646,
    "p_value": 0.04127162662213005
  },
  "Methanospirillum_hungatei.1": {
    "correlation": 0.5455712818854864,
    "p_value": 0.04359493768873663
  },
  "midas_s_92454.1": {
    "correlation": 0.5434546742904888,
    "p_value": 0.044582294662733085
  },
  "midas_s_82500.1": {
    "correlation": -0.5417098291214406,
    "p_value": 0.04540844426783381
  },
  "midas_s_99172.1": {
    "correlation": -0.5408441232768435,
    "p_value": 0.045822463208107844
  },
  "midas_s_1625.1": {
    "correlation": 0.5374565204887762,
    "p_value": 0.04746908573003242
  },
  "Methanobacteriaceae.1": {
    "correlation": -0.5296703296703297,
    "p_value": 0.05141659813787076
  },
  "midas_s_25887.1": {
    "correlation": 0.5296703296703297,
    "p_value": 0.05141659813787076
  },
  "Methanosarcina.3": {
    "correlation": 0.5250803417207732,
    "p_value": 0.05385231379044265
  },
  "Endomicrobium.1": {
    "correlation": -0.5236526821098637,
    "p_value": 0.05462664737666831
  },
  "midas_s_21122.1": {
    "correlation": -0.5099387448038809,
    "p_value": 0.06247961303038033
  },
  "midas_s_94423.1": {
    "correlation": 0.5076923076923077,
    "p_value": 0.06383915813376861
  },
  "Enterobacteriaceae.1": {
    "correlation": 0.5055474570132037,
    "p_value": 0.06515686557507652
  },
  "midas_s_57020.1": {
    "correlation": 0.4986848218501285,
    "p_value": 0.06950358212081516
  },
  "midas_s_114219.1": {
    "correlation": -0.4945054945054946,
    "p_value": 0.07224967403413257
  },
  "midas_s_98644.2": {
    "correlation": 0.4892211964325254,
    "p_value": 0.07583095806613936
  },
  "midas_g_1743.1": {
    "correlation": -0.4813186813186813,
    "p_value": 0.08141829504280494
  },
  "midas_s_5149.1": {
    "correlation": -0.4730475909815996,
    "p_value": 0.08757002771574113
  },
  "Desulfovibrio_aminophilus.1": {
    "correlation": -0.4681318681318682,
    "p_value": 0.09137636506833118
  },
  "Methanobacterium_formicicum.1": {
    "correlation": -0.4681318681318682,
    "p_value": 0.09137636506833118
  },
  "Syntrophobacter_sulfatireducens.1": {
    "correlation": 0.46373626373626364,
    "p_value": 0.09487633150889971
  },
  "EBM-39.1": {
    "correlation": -0.46373626373626364,
    "p_value": 0.09487633150889971
  },
  "midas_s_22225.1": {
    "correlation": 0.4600119894947903,
    "p_value": 0.09791377299510887
  },
  "Leucobacter.1": {
    "correlation": -0.4527102118837618,
    "p_value": 0.10406318091463261
  },
  "midas_s_36575.1": {
    "correlation": 0.45054945054945056,
    "p_value": 0.10593278527264058
  },
  "midas_s_5446.3": {
    "correlation": -0.44823931610309914,
    "p_value": 0.10795705239468757
  },
  "Methanobacterium_beijingense.3": {
    "correlation": 0.4461538461538462,
    "p_value": 0.10980712780122508
  },
  "midas_s_269.1": {
    "correlation": -0.4437129337903899,
    "p_value": 0.11199999038564999
  },
  "Propionicicella.1": {
    "correlation": -0.43929787972282386,
    "p_value": 0.11604211450191428
  },
  "midas_s_26433.1": {
    "correlation": 0.41541399181883587,
    "p_value": 0.13963510258118905
  },