{
  "Dethiobacter.1": {
    "correlation": -0.7035484502697548,
    "p_value": 0.004990284023043609
  },
  "Syner-01.1": {
    "correlation": 0.6483516483516484,
    "p_value": 0.012144222573105724
  },
  "midas_s_91638.1": {
    "correlation": -0.6222606345581061,
    "p_value": 0.01748411311767644
  },
  "midas_s_95280.1": {
    "correlation": 0.5695987185352385,
    "p_value": 0.033479049832886645
  },
  "Azoarcus.1": {
    "correlation": -0.5695386536602165,
    "p_value": 0.033501933982156236
  },
  "midas_s_1571.1": {
    "correlation": 0.5648351648351648,
    "p_value": 0.03533018486755279
  },
  "midas_g_824.1": {
    "correlation": 0.5578122116931594,
    "p_value": 0.0381959040146392
  },
  "midas_s_102854.1": {
    "correlation": 0.5120879120879122,
    "p_value": 0.06119848615645835
  },
  "midas_s_5996.1": {
    "correlation": 0.5120879120879122,
    "p_value": 0.06119848615645835
  },
  "midas_s_92454.1": {
    "correlation": 0.5082511326360442,
    "p_value": 0.06349899636712998
  },
  "Xanthobacter.1": {
    "correlation": 0.5045989166161,
    "p_value": 0.06574576684265683
  },
  "midas_s_84837.3": {
    "correlation": 0.5045894015560602,
    "p_value": 0.06575169346526552
  },
  "midas_s_114924.1": {
    "correlation": 0.49434393147370365,
    "p_value": 0.07235735393890151
  },
  "midas_s_38974.1": {
    "correlation": 0.4813186813186813,
    "p_value": 0.08141829504280494
  },
  "midas_s_119364.1": {
    "correlation": 0.4769230769230769,
    "p_value": 0.0846484341946868
  },
  "midas_s_76790.1": {
    "correlation": 0.47461831226335244,
    "p_value": 0.08637754333677351
  },
  "midas_s_93169.1": {
    "correlation": -0.4738529913089905,
    "p_value": 0.08695714185975573
  },
  "Desulfovibrio.1": {
    "correlation": 0.47252747252747257,
    "p_value": 0.08796742461254232
  },
  "midas_s_100693.1": {
    "correlation": 0.4687302562678123,
    "p_value": 0.09090696609433124
  },
  "Lentimicrobium.1": {
    "correlation": 0.46373626373626364,
    "p_value": 0.09487633150889971
  },
  "midas_g_72899.1": {
    "correlation": 0.45336205114427747,
    "p_value": 0.10350366924609408
  },
  "midas_s_46918.1": {
    "correlation": 0.44175824175824174,
    "p_value": 0.11377750302872344
  },
  "midas_s_79195.1": {
    "correlation": 0.4323460152737353,
    "p_value": 0.12260640653877196
  },
  "Methanobacteriaceae.1": {
    "correlation": 0.4241758241758242,
    "p_value": 0.13063731043811047
  },
  "midas_s_30888.1": {
    "correlation": 0.42350310143964814,
    "p_value": 0.13131394179901404
  },
  "Methanobacterium_beijingense.4": {
    "correlation": -0.410989010989011,
    "p_value": 0.14433266812460507
  },
  "Methanobacterium_beijingense.3": {
    "correlation": 0.410989010989011,
    "p_value": 0.14433266812460507
  },
  "Christensenellaceae_R-7_group.1": {
    "correlation": 0.4083925012498614,
    "p_value": 0.14713746428791913
  },
  "Desulfovibrio.2": {
    "correlation": 0.40725743577367296,
    "p_value": 0.14837485863151462
  },
  "midas_g_58386.1": {
    "correlation": 0.40044028631930756,
    "p_value": 0.15595165057237936
  },
  "Leptonema_illini.1": {
    "correlation": 0.38255638794615954,
    "p_value": 0.1770237782933117
  },
  "Gordonia.1": {
    "correlation": 0.37843807278527963,
    "p_value": 0.18212422341827122
  },
  "midas_s_94423.1": {
    "correlation": 0.3758241758241759,
    "p_value": 0.185410028697123
  },
  "Halothiobacillus_neapolitanus.1": {
    "correlation": -0.37142857142857144,
    "p_value": 0.1910208120436164
  },
  "Pirellulaceae.1": {
    "correlation": 0.37142857142857144,
    "p_value": 0.1910208120436164
  },
  "midas_s_96264.1": {
    "correlation": 0.37142857142857144,
    "p_value": 0.1910208120436164
  },
  "Campylobacterales.1": {
    "correlation": -0.3637806143046302,
    "p_value": 0.20103897431026616
  },
  "Thiobacillus.1": {
    "correlation": 0.3564358592512517,
    "p_value": 0.2109672240346033
  },
  "midas_s_114539.1": {
    "correlation": 0.3456174735886784,
    "p_value": 0.22614166135364203
  },
  "midas_f_46203.1": {
    "correlation": 0.34500484066310094,
    "p_value": 0.22702064749640372
  },
  "Propionicicella.1": {
    "correlation": 0.33775163616880427,
    "p_value": 0.23758786021284095
  },
  "Methanosarcina.1": {
    "correlation": -0.3318681318681319,
    "p_value": 0.24637718314961166
  },
  "Firmicutes.2": {
    "correlation": -0.3274725274725274,
    "p_value": 0.2530710007719406
  },
  "midas_s_84394.2": {
    "correlation": 0.32254385266453267,
    "p_value": 0.26070599112944615
  },
  "midas_s_7659.1": {
    "correlation": 0.31504820503246395,
    "p_value": 0.27257939842364426
  },
  "midas_s_40737.1": {
    "correlation": 0.31339367244709904,
    "p_value": 0.2752427686557437
  },
  "Desulfitibacter.1": {
    "correlation": 0.3133526766881891,
    "p_value": 0.2753089562721206
  },
  "Burkholderiales.1": {
    "correlation": 0.30794293190720895,
    "p_value": 0.28412563529778123
  },
  "Soehngenia.2": {
    "correlation": 0.3042407337928507,
    "p_value": 0.2902538082745788
  },
  "Soehngenia.1": {
    "correlation": -0.30001852023337255,
    "p_value": 0.29733616303901833
  },
  "midas_s_1625.1": {
    "correlation": 0.29337146314889534,
    "p_value": 0.3086870133969215
  },
  "midas_s_47294.1": {
    "correlation": -0.28476932683010825,
    "p_value": 0.32373962333877493
  },
  "midas_s_93835.1": {
    "correlation": 0.28162833323555697,
    "p_value": 0.32933749626272624
  },
  "midas_s_90665.1": {
    "correlation": 0.28096982838248996,
    "p_value": 0.33051794137180046
  },
  "midas_s_112429.1": {
    "correlation": 0.2792896329177484,
    "p_value": 0.3335406341531144
  },
  "Methanosarcina.3": {
    "correlation": 0.27918905974421604,
    "p_value": 0.33372205609839556
  },
  "midas_s_5446.2": {
    "correlation": 0.27746754921907985,
    "p_value": 0.3368360169449578
  },
  "midas_s_70352.1": {
    "correlation": 0.27406632470303777,
    "p_value": 0.34303579649902494
  },
  "midas_s_21122.1": {
    "correlation": 0.2715258251553132,
    "p_value": 0.34770762777095954
  },
  "Leucobacter.1": {
    "correlation": 0.2701657716080514,
    "p_value": 0.35022304681641747
  },
  "midas_s_119547.6": {
    "correlation": 0.2638208546206812,
    "p_value": 0.3620896790470215
  },
  "midas_s_22225.1": {
    "correlation": 0.26043006812668024,
    "p_value": 0.36851978400616436
  },
  "Mesotoga_infera.2": {
    "correlation": 0.2571428571428571,
    "p_value": 0.3748119038799703
  },
  "midas_s_31096.1": {
    "correlation": -0.25557133205065075,
    "p_value": 0.37784022592087785
  },
  "midas_s_14202.1": {
    "correlation": 0.2527472527472528,
    "p_value": 0.3833149644785111
  },
  "Desulfuromonadaceae.1": {
    "correlation": -0.2486250129345151,
    "p_value": 0.39138147165073434
  },
  "midas_s_99362.1": {
    "correlation": 0.24835164835164836,
    "p_value": 0.39191953893845743
  },
  "midas_s_141.1": {
    "correlation": 0.2447673208163475,
    "p_value": 0.3990105743218362
  },
  "Stappia.1": {
    "correlation": -0.2351648351648352,
    "p_value": 0.4183338961985912
  },
  "midas_s_113358.1": {
    "correlation": 0.23334773795928976,
    "p_value": 0.4220433932581036
  },
  "EBM-39.1": {
    "correlation": 0.23076923076923075,
    "p_value": 0.4273358616774501
  },
  "Dethiobacteraceae.1": {
    "correlation": 0.22637362637362637,
    "p_value": 0.4364347945560526
  },
  "midas_g_75908.1": {
    "correlation": -0.22252810407893203,
    "p_value": 0.4444737640644023
  },
  "Methanobacterium_beijingense.2": {
    "correlation": -0.21318681318681318,
    "p_value": 0.4643028200397442
  },
  "midas_s_876.1": {
    "correlation": -0.20747076916772014,
    "p_value": 0.4766433349352285
  },
  "midas_s_91453.1": {
    "correlation": 0.20462058586645934,
    "p_value": 0.48285433365458696
  },
  "Petrimonas_sulfuriphila.1": {
    "correlation": 0.20445706564052057,
    "p_value": 0.48321182348760017
  },