{
  "Desulfitibacter.1": {
    "correlation": 0.953392186519384,
    "p_value": 1.3380377508359151e-07
  },
  "Soehngenia.1": {
    "correlation": -0.8422742160625794,
    "p_value": 0.00015682265521841418
  },
  "Methanobacterium_beijingense.1": {
    "correlation": -0.8241758241758241,
    "p_value": 0.00028870384974594366
  },
  "Methanobacterium_beijingense.3": {
    "correlation": 0.7714285714285714,
    "p_value": 0.0012326572868001852
  },
  "midas_s_876.1": {
    "correlation": -0.7709716236973306,
    "p_value": 0.0012461773308959658
  },
  "Syntrophomonas.2": {
    "correlation": 0.7686151382644182,
    "p_value": 0.0013177893840448918
  },
  "midas_s_18280.1": {
    "correlation": -0.7582417582417583,
    "p_value": 0.0016730034070264247
  },
  "midas_s_22101.1": {
    "correlation": -0.7574946573191929,
    "p_value": 0.0017012564680843672
  },
  "Desulfovibrio_sulfodismutans.1": {
    "correlation": -0.7472152421952414,
    "p_value": 0.00212993905262458
  },
  "midas_s_825.1": {
    "correlation": -0.7395125883027136,
    "p_value": 0.002503942472107826
  },
  "midas_s_269.1": {
    "correlation": -0.7174462859794861,
    "p_value": 0.0038687310478433354
  },
  "Methanobacterium_beijingense.2": {
    "correlation": 0.7054945054945055,
    "p_value": 0.004819557979048519
  },
  "Mesotoga_infera.1": {
    "correlation": -0.7054945054945055,
    "p_value": 0.004819557979048519
  },
  "midas_s_40737.1": {
    "correlation": 0.6999887866336666,
    "p_value": 0.005314774562947374
  },
  "midas_s_95280.1": {
    "correlation": 0.6977012415793082,
    "p_value": 0.005531841809445245
  },
  "Aminivibrio_pyruvatiphilus.1": {
    "correlation": -0.6967032967032967,
    "p_value": 0.005628677002967549
  },
  "Methanobacterium_formicicum.1": {
    "correlation": -0.6791208791208792,
    "p_value": 0.007562257031145479
  },
  "Mesotoga_infera.2": {
    "correlation": 0.6791208791208792,
    "p_value": 0.007562257031145479
  },
  "Gordonia.1": {
    "correlation": 0.6776681768480589,
    "p_value": 0.007742459785859066
  },
  "Methanobacterium_beijingense.11": {
    "correlation": 0.6733749009682363,
    "p_value": 0.008294532862139369
  },
  "Dethiobacteraceae.1": {
    "correlation": 0.6571428571428571,
    "p_value": 0.010661967747329804
  },
  "Methanothrix_harundinacea.3": {
    "correlation": 0.6468054208984291,
    "p_value": 0.012420479132187455
  },
  "Methanobacterium.1": {
    "correlation": -0.6439560439560439,
    "p_value": 0.012942152559322944
  },
  "midas_s_20752.1": {
    "correlation": 0.6406112087120771,
    "p_value": 0.013575757893716798
  },
  "Comamonadaceae.1": {
    "correlation": -0.6377805126266953,
    "p_value": 0.01413026793027701
  },
  "midas_s_93169.1": {
    "correlation": -0.6377805126266953,
    "p_value": 0.01413026793027701
  },
  "midas_s_22225.1": {
    "correlation": 0.6279528745484438,
    "p_value": 0.01619062101503385
  },
  "midas_s_96664.1": {
    "correlation": -0.6263736263736264,
    "p_value": 0.016541935428871186
  },
  "Romboutsia_lituseburensis.1": {
    "correlation": -0.6219475018756582,
    "p_value": 0.01755747600836082
  },
  "Petrimonas_sulfuriphila.1": {
    "correlation": -0.6111488375124255,
    "p_value": 0.020233522032428137
  },
  "midas_s_101322.1": {
    "correlation": -0.6070441023796258,
    "p_value": 0.021327616455087354
  },
  "Leptonema_illini.1": {
    "correlation": 0.6031717282341288,
    "p_value": 0.0224001216625505
  },
  "Desulfovibrio.2": {
    "correlation": 0.6019213673384475,
    "p_value": 0.022754947197310478
  },
  "midas_s_90665.1": {
    "correlation": 0.5956560361708787,
    "p_value": 0.024596977914740234
  },
  "midas_s_1625.1": {
    "correlation": 0.5937838414133642,
    "p_value": 0.025168516980512975
  },
  "midas_g_1743.1": {
    "correlation": -0.5912087912087912,
    "p_value": 0.025970813668962523
  },
  "Desulfovibrio_aminophilus.1": {
    "correlation": -0.5868131868131868,
    "p_value": 0.02738437553108774
  },
  "midas_s_5446.3": {
    "correlation": -0.5763076921325562,
    "p_value": 0.030995110546345423
  },
  "Methanobacterium_beijingense.17": {
    "correlation": 0.573368727557112,
    "p_value": 0.03206575520489845
  },
  "midas_s_8128.1": {
    "correlation": -0.5604395604395604,
    "p_value": 0.03710447700407433
  },
  "midas_s_5149.1": {
    "correlation": -0.5566560024109055,
    "p_value": 0.038683624463958476
  },
  "midas_s_32633.1": {
    "correlation": -0.552501172567817,
    "p_value": 0.040474135044126024
  },
  "Syntrophobacter_sulfatireducens.1": {
    "correlation": 0.5516483516483517,
    "p_value": 0.040849058351122895
  },
  "midas_s_14202.1": {
    "correlation": -0.5384615384615385,
    "p_value": 0.04697614585955518
  },
  "midas_s_79195.1": {
    "correlation": 0.5375730877742211,
    "p_value": 0.047411719584755714
  },
  "midas_s_78044.1": {
    "correlation": -0.5261353625024292,
    "p_value": 0.0532852173885905
  },
  "midas_s_31096.1": {
    "correlation": -0.5244768205561179,
    "p_value": 0.05417867603138814
  },
  "midas_s_22737.1": {
    "correlation": 0.518680746847247,
    "p_value": 0.05738618706089159
  },
  "midas_s_25887.1": {
    "correlation": 0.5164835164835165,
    "p_value": 0.05863716344127844
  },
  "midas_s_84394.2": {
    "correlation": 0.5101225471219204,
    "p_value": 0.06236930232510692
  },
  "midas_s_46586.2": {
    "correlation": 0.5092928600264823,
    "p_value": 0.06286835640727574
  },
  "midas_s_70352.1": {
    "correlation": 0.4994666665148819,
    "p_value": 0.06899823222133086
  },
  "midas_s_360.1": {
    "correlation": -0.4945054945054946,
    "p_value": 0.07224967403413257
  },
  "midas_s_83426.1": {
    "correlation": 0.489534641632695,
    "p_value": 0.07561509544864908
  },
  "midas_s_57020.1": {
    "correlation": 0.4872470965783366,
    "p_value": 0.07720050408022143
  },
  "Endomicrobium.1": {
    "correlation": -0.4466449347407661,
    "p_value": 0.1093695280029585
  },
  "Methanosarcina.3": {
    "correlation": 0.44311658106192087,
    "p_value": 0.11254026019366452
  },
  "midas_s_94642.1": {
    "correlation": 0.44004427068055774,
    "p_value": 0.1153518884322161
  },
  "Dethiobacter.1": {
    "correlation": -0.4338174150225645,
    "p_value": 0.12119652880391305
  },
  "midas_s_47294.1": {
    "correlation": -0.42106917556930534,
    "p_value": 0.13378168749961436
  },
  "midas_s_46586.1": {
    "correlation": -0.41863524969896254,
    "p_value": 0.1362803664412715
  },
  "midas_s_76790.1": {
    "correlation": 0.41722260938499356,
    "p_value": 0.1377448265966844
  },
  "midas_s_94423.1": {
    "correlation": 0.410989010989011,
    "p_value": 0.14433266812460507
  },
  "midas_s_82500.1": {
    "correlation": -0.40684431149784545,
    "p_value": 0.14882693330267738
  },
  "Firmicutes.2": {
    "correlation": -0.4065934065934066,
    "p_value": 0.14910193900151342
  },
  "midas_s_5574.1": {
    "correlation": 0.4021978021978022,
    "p_value": 0.15397442954140356
  },
  "midas_s_84394.1": {
    "correlation": 0.40032038451271784,
    "p_value": 0.15608714715800395
  },
  "Petrimonas_sulfuriphila.2": {
    "correlation": 0.39194427476692417,
    "p_value": 0.1657450939298078
  },
  "Sulfuricurvum.1": {
    "correlation": -0.38164376056778154,
    "p_value": 0.1781459905147937
  },
  "midas_s_114219.1": {
    "correlation": -0.3802197802197802,
    "p_value": 0.17990614630608154
  },
  "Azoarcus.1": {
    "correlation": -0.37482458403279206,
    "p_value": 0.18667655585610887
  },
  "Peptostreptococcales-Tissierellales.1": {
    "correlation": -0.367032967032967,
    "p_value": 0.1967388717074885
  },
  "midas_s_92454.1": {
    "correlation": 0.36523674466486294,
    "p_value": 0.19910645761014112
  },
  "midas_s_26433.1": {
    "correlation": 0.3637806143046302,
    "p_value": 0.20103897431026616
  },
  "midas_s_56159.1": {
    "correlation": -0.3626373626373627,
    "p_value": 0.20256454381724162
  },
  "midas_s_3679.1": {
    "correlation": 0.35824175824175825,