{
  "Methanobacterium.1": {
    "correlation": -0.9834989449710465,
    "p_value": 2.8129105250192516e-10
  },
  "Methanothrix_harundinacea.3": {
    "correlation": 0.9723810332122589,
    "p_value": 6.0380009413017065e-09
  },
  "Dethiobacteraceae.1": {
    "correlation": 0.9438949606097963,
    "p_value": 3.987560867553364e-07
  },
  "midas_s_20752.1": {
    "correlation": 0.9405972980654133,
    "p_value": 5.5769065561094e-07
  },
  "midas_s_825.1": {
    "correlation": -0.9203452031309906,
    "p_value": 3.1006538074255926e-06
  },
  "midas_s_46586.2": {
    "correlation": 0.899879585691635,
    "p_value": 1.1683632876231967e-05
  },
  "Methanobacterium_beijingense.17": {
    "correlation": 0.8943718492893585,
    "p_value": 1.5914019359419162e-05
  },
  "Mesotoga_infera.2": {
    "correlation": 0.884488984067921,
    "p_value": 2.662134553617588e-05
  },
  "Peptostreptococcales-Tissierellales.1": {
    "correlation": -0.8514856637668792,
    "p_value": 0.0001116140529706439
  },
  "Methanospirillum_hungatei.1": {
    "correlation": 0.8487458500920779,
    "p_value": 0.0001237783194132824
  },
  "midas_s_538.1": {
    "correlation": 0.8436174763755095,
    "p_value": 0.00014943537651618223
  },
  "midas_s_22737.1": {
    "correlation": 0.8340920441789307,
    "p_value": 0.0002084824902827827
  },
  "midas_s_8128.1": {
    "correlation": -0.8338838929396569,
    "p_value": 0.00020995667853516682
  },
  "midas_s_57020.1": {
    "correlation": 0.8267127398733688,
    "p_value": 0.00026614216760977505
  },
  "midas_s_22101.1": {
    "correlation": -0.8190847284588767,
    "p_value": 0.0003386425050261689
  },
  "midas_s_84394.2": {
    "correlation": 0.812972361925335,
    "p_value": 0.00040756651732082956
  },
  "midas_s_38974.2": {
    "correlation": 0.8077188603595303,
    "p_value": 0.00047545124165533225
  },
  "midas_s_90665.1": {
    "correlation": 0.8010828662949454,
    "p_value": 0.0005738993829706449
  },
  "Methanobacterium_beijingense.11": {
    "correlation": 0.7920307919079892,
    "p_value": 0.0007339230804797862
  },
  "midas_s_91084.1": {
    "correlation": 0.7871009430984275,
    "p_value": 0.0008350319344626396
  },
  "midas_s_84394.1": {
    "correlation": 0.7809114800465894,
    "p_value": 0.000977443710523986
  },
  "Romboutsia_lituseburensis.1": {
    "correlation": -0.780052277936352,
    "p_value": 0.0009986581810504755
  },
  "midas_s_94642.1": {
    "correlation": 0.7698237885462555,
    "p_value": 0.001280661070613471
  },
  "midas_s_876.1": {
    "correlation": -0.7666918706269827,
    "p_value": 0.0013786331932014206
  },
  "midas_s_14202.1": {
    "correlation": -0.7634768096307677,
    "p_value": 0.0014853213151388947
  },
  "midas_s_18280.1": {
    "correlation": -0.7590763669239621,
    "p_value": 0.0016418832098090456
  },
  "midas_s_40737.1": {
    "correlation": 0.75686581863753,
    "p_value": 0.0017253297804095003
  },
  "midas_s_83426.1": {
    "correlation": 0.7522856926548521,
    "p_value": 0.001908942621932402
  },
  "midas_s_25887.1": {
    "correlation": 0.750275481510351,
    "p_value": 0.0019942679087452653
  },
  "midas_s_94423.1": {
    "correlation": 0.7480752601569483,
    "p_value": 0.002091094745493738
  },
  "Thermovirga.4": {
    "correlation": 0.746178375760709,
    "p_value": 0.002177528538923877
  },
  "midas_s_5574.1": {
    "correlation": 0.7458750388035453,
    "p_value": 0.0021916088935971557
  },
  "midas_s_92454.1": {
    "correlation": 0.7400881057268722,
    "p_value": 0.0024743225764046824
  },
  "Mesotoga_infera.1": {
    "correlation": -0.739274374743337,
    "p_value": 0.002516284186916599
  },
  "Aminivibrio_pyruvatiphilus.1": {
    "correlation": -0.7348739320365314,
    "p_value": 0.0027530468238452046
  },
  "Acetoanaerobium.1": {
    "correlation": -0.7348739320365314,
    "p_value": 0.0027530468238452046
  },
  "Propionicicella.1": {
    "correlation": -0.7314957318028585,
    "p_value": 0.002946462954808944
  },
  "Methanobacterium_beijingense.1": {
    "correlation": -0.7304734893297258,
    "p_value": 0.003007053124978324
  },
  "midas_s_101116.1": {
    "correlation": 0.7270758180155301,
    "p_value": 0.003215528057719346
  },
  "Desulfovibrio_sulfodismutans.1": {
    "correlation": -0.7200167571105318,
    "p_value": 0.003685005226160923
  },
  "Methanobacterium_formicicum.1": {
    "correlation": -0.7084712757956979,
    "p_value": 0.004567284408063857
  },
  "midas_s_21122.1": {
    "correlation": -0.7049762490788878,
    "p_value": 0.0048645708889796515
  },
  "midas_s_82500.1": {
    "correlation": -0.7020726243933229,
    "p_value": 0.005122880617966669
  },
  "Syntrophobacter_sulfatireducens.1": {
    "correlation": 0.6996703903820868,
    "p_value": 0.005344582215938083
  },
  "Burkholderiales.1": {
    "correlation": -0.6885712277703744,
    "p_value": 0.006467975690184988
  },
  "Soehngenia.1": {
    "correlation": -0.6874649289313727,
    "p_value": 0.006589286901977351
  },
  "midas_s_1625.1": {
    "correlation": 0.6837205207213206,
    "p_value": 0.007013058467063378
  },
  "midas_s_46586.1": {
    "correlation": -0.67981277574903,
    "p_value": 0.007477581586111163
  },
  "Desulfitibacter.1": {
    "correlation": 0.6785657065503841,
    "p_value": 0.007630736069952441
  },
  "Methanobacteriaceae.1": {
    "correlation": -0.6732677341412533,
    "p_value": 0.008308692572141714
  },
  "midas_s_32633.1": {
    "correlation": -0.6725029609560296,
    "p_value": 0.008410284191795566
  },
  "midas_s_78044.1": {
    "correlation": -0.6561030470186154,
    "p_value": 0.01082962553688967
  },
  "Methanobacterium_beijingense.2": {
    "correlation": 0.6512655206072254,
    "p_value": 0.01163644684133605
  },
  "midas_s_99362.1": {
    "correlation": 0.6380641924868088,
    "p_value": 0.014073930503519797
  },
  "Petrimonas_sulfuriphila.1": {
    "correlation": -0.6362944002406878,
    "p_value": 0.014428222503949189
  },
  "midas_s_360.1": {
    "correlation": -0.6336637497800032,
    "p_value": 0.014967379765304475
  },
  "midas_s_52426.1": {
    "correlation": 0.6286222911225476,
    "p_value": 0.01604343003545739
  },
  "midas_s_5149.1": {
    "correlation": -0.6277533039647577,
    "p_value": 0.016234700648847647
  },
  "midas_s_3679.1": {
    "correlation": 0.6270630857197947,
    "p_value": 0.016387854981410994
  },
  "midas_s_99172.1": {
    "correlation": -0.618787930225983,
    "p_value": 0.01831086077859011
  },
  "Syntrophomonas.2": {
    "correlation": 0.6137368816788444,
    "p_value": 0.019565835359986558
  },
  "Comamonadaceae.1": {
    "correlation": -0.6102764722716452,
    "p_value": 0.020462415939107127
  },
  "midas_s_56159.1": {
    "correlation": -0.6072610935391697,
    "p_value": 0.021268685923335497
  },
  "midas_s_26433.1": {
    "correlation": 0.6038356488844652,
    "p_value": 0.022213416868481575
  },
  "Acetobacterium.1": {
    "correlation": 0.6028606508323641,
    "p_value": 0.02248800678315184
  },
  "midas_s_101322.1": {
    "correlation": -0.5923271642636555,
    "p_value": 0.025620049456331687
  },
  "midas_s_98644.2": {
    "correlation": 0.5897629774053713,
    "p_value": 0.026429590015734944
  },
  "LNR_A2-18.3": {
    "correlation": -0.5769420431139503,
    "p_value": 0.030767552707991263
  },
  "Methanosarcina.3": {
    "correlation": 0.5615569219642449,
    "p_value": 0.03664735594078246
  },
  "midas_s_76790.1": {
    "correlation": 0.5436493958413993,
    "p_value": 0.04449078434544229
  },
  "midas_s_30888.1": {
    "correlation": 0.525088362630523,
    "p_value": 0.05384798597611086
  },
  "midas_s_93169.1": {
    "correlation": -0.5154015585151288,
    "p_value": 0.05926032765418758
  },
  "midas_s_9526.1": {
    "correlation": -0.4972500258690302,
    "p_value": 0.070437815909774
  },
  "midas_s_531.2": {
    "correlation": 0.49584910345852184,
    "p_value": 0.07135857760332108
  },
  "Firmicutes.1": {
    "correlation": 0.4928495831622247,
    "p_value": 0.07335872525975527
  },