{
  "midas_s_119547.6": {
    "correlation": -0.6582714527914084,
    "p_value": 0.010482262036971782
  },
  "midas_s_91453.1": {
    "correlation": -0.6050608721857669,
    "p_value": 0.02187194483771012
  },
  "midas_s_92454.1": {
    "correlation": -0.6006604294789613,
    "p_value": 0.023117040480791794
  },
  "Campylobacterales.1": {
    "correlation": 0.5937838414133642,
    "p_value": 0.025168516980512975
  },
  "Desulfitibacter.1": {
    "correlation": -0.5933699622393368,
    "p_value": 0.02529619732488127
  },
  "Syntrophobacter_sulfatireducens.1": {
    "correlation": -0.5736263736263736,
    "p_value": 0.03197081397639698
  },
  "Dethiobacteraceae.1": {
    "correlation": -0.5648351648351648,
    "p_value": 0.03533018486755279
  },
  "midas_s_96264.1": {
    "correlation": -0.5252747252747253,
    "p_value": 0.05374750176788299
  },
  "Methanothrix_harundinacea.3": {
    "correlation": -0.49669358260118285,
    "p_value": 0.07080252285075866
  },
  "midas_s_98644.2": {
    "correlation": -0.49434393147370365,
    "p_value": 0.07235735393890151
  },
  "midas_s_47294.1": {
    "correlation": 0.4892190999389039,
    "p_value": 0.07583240333990711
  },
  "midas_s_84394.2": {
    "correlation": -0.4826720064696197,
    "p_value": 0.08044151101623136
  },
  "Methanobacterium_beijingense.17": {
    "correlation": -0.48002963237339613,
    "p_value": 0.08235641933656762
  },
  "Gordonia.1": {
    "correlation": -0.4708473696281968,
    "p_value": 0.08925972252509351
  },
  "Pirellulaceae.1": {
    "correlation": -0.46373626373626364,
    "p_value": 0.09487633150889971
  },
  "Methanobacterium.1": {
    "correlation": 0.4593406593406593,
    "p_value": 0.09846837616829027
  },
  "midas_s_38974.2": {
    "correlation": -0.45336205114427747,
    "p_value": 0.10350366924609408
  },
  "midas_s_26433.1": {
    "correlation": -0.4482715956915121,
    "p_value": 0.10792858567917743
  },
  "Syntrophomonas.2": {
    "correlation": -0.4437837405455272,
    "p_value": 0.11193596059833437
  },
  "Methanobacterium_beijingense.3": {
    "correlation": -0.44175824175824174,
    "p_value": 0.11377750302872344
  },
  "midas_s_22737.1": {
    "correlation": -0.43418976546036514,
    "p_value": 0.12084149905956974
  },
  "midas_s_22225.1": {
    "correlation": -0.4308048790506766,
    "p_value": 0.1240949793651246
  },
  "midas_s_57020.1": {
    "correlation": -0.4300584702193769,
    "p_value": 0.12482030809308146
  },
  "midas_s_3064.1": {
    "correlation": -0.41722260938499356,
    "p_value": 0.1377448265966844
  },
  "midas_s_47294.4": {
    "correlation": -0.4158353460060851,
    "p_value": 0.13919318570047193
  },
  "midas_s_84394.1": {
    "correlation": -0.4117581097845097,
    "p_value": 0.1435087497339869
  },
  "midas_s_94423.1": {
    "correlation": -0.4065934065934066,
    "p_value": 0.14910193900151342
  },
  "midas_s_92051.1": {
    "correlation": -0.4060261049980711,
    "p_value": 0.14972497311235547
  },
  "midas_s_99362.1": {
    "correlation": -0.4021978021978022,
    "p_value": 0.15397442954140356
  },
  "midas_s_59647.1": {
    "correlation": -0.40032038451271784,
    "p_value": 0.15608714715800395
  },
  "midas_s_36575.1": {
    "correlation": -0.39780219780219783,
    "p_value": 0.1589507745108348
  },
  "midas_s_49937.1": {
    "correlation": -0.39780219780219783,
    "p_value": 0.1589507745108348
  },
  "midas_s_876.1": {
    "correlation": 0.38676649560895987,
    "p_value": 0.1719060576197633
  },
  "midas_s_82500.1": {
    "correlation": 0.3843667252272463,
    "p_value": 0.17481124755087094
  },
  "midas_s_20752.1": {
    "correlation": -0.37537569071900656,
    "p_value": 0.18597759518056922
  },
  "midas_s_5996.1": {
    "correlation": -0.35824175824175825,
    "p_value": 0.2084981247907672
  },
  "midas_s_46673.1": {
    "correlation": 0.35824175824175825,
    "p_value": 0.2084981247907672
  },
  "Clostridium_citroniae.1": {
    "correlation": 0.3494505494505495,
    "p_value": 0.22068999774644735
  },
  "midas_s_8128.1": {
    "correlation": 0.3494505494505495,
    "p_value": 0.22068999774644735
  },
  "midas_s_22101.1": {
    "correlation": 0.3484025871942875,
    "p_value": 0.22217227807623455
  },
  "midas_s_5574.1": {
    "correlation": -0.3450549450549451,
    "p_value": 0.2269486800417005
  },
  "midas_s_91583.1": {
    "correlation": -0.3406593406593406,
    "p_value": 0.23331605103682404
  },
  "Peptostreptococcales-Tissierellales.1": {
    "correlation": 0.3362637362637363,
    "p_value": 0.23979220225725306
  },
  "Soehngenia.1": {
    "correlation": 0.33113155196127786,
    "p_value": 0.24749128861075584
  },
  "Aminivibrio_pyruvatiphilus.1": {
    "correlation": 0.3274725274725274,
    "p_value": 0.2530710007719406
  },
  "Ca_Caldatribacterium.1": {
    "correlation": -0.3274725274725274,
    "p_value": 0.2530710007719406
  },
  "midas_s_25887.1": {
    "correlation": -0.3274725274725274,
    "p_value": 0.2530710007719406
  },
  "midas_s_84837.3": {
    "correlation": -0.32529367511482055,
    "p_value": 0.2564293882056676
  },
  "EBM-39.1": {
    "correlation": -0.3230769230769231,
    "p_value": 0.25987361950878973
  },
  "midas_s_114924.1": {
    "correlation": -0.31504820503246395,
    "p_value": 0.27257939842364426
  },
  "Methanobacterium_beijingense.1": {
    "correlation": 0.3142857142857143,
    "p_value": 0.27380490296286775
  },
  "midas_g_1743.1": {
    "correlation": 0.3142857142857143,
    "p_value": 0.27380490296286775
  },
  "midas_s_95280.1": {
    "correlation": -0.31339367244709904,
    "p_value": 0.2752427686557437
  },
  "midas_s_90665.1": {
    "correlation": -0.31243844916132885,
    "p_value": 0.2767874252249532
  },
  "Methanobacterium_formicicum.1": {
    "correlation": 0.3098901098901099,
    "p_value": 0.2809332808692584
  },
  "midas_s_825.1": {
    "correlation": 0.30794293190720895,
    "p_value": 0.28412563529778123
  },
  "Methanothrix.1": {
    "correlation": -0.3010989010989011,
    "p_value": 0.2955144656072166
  },
  "midas_g_9269.1": {
    "correlation": -0.29966840212094875,
    "p_value": 0.2979279138435692
  },
  "midas_s_102854.1": {
    "correlation": -0.2967032967032967,
    "p_value": 0.30296672383870205
  },
  "Proteiniborus_ethanoligenes.1": {
    "correlation": -0.2945050303114795,
    "p_value": 0.306733926130802
  },
  "Dethiobacter.1": {
    "correlation": 0.29445638014484943,
    "p_value": 0.3068176019525483
  },
  "midas_s_46586.2": {
    "correlation": -0.29337146314889534,
    "p_value": 0.3086870133969215
  },
  "midas_s_100693.1": {
    "correlation": -0.2894345298265726,
    "p_value": 0.3155254377225631
  },
  "Mesotoga_infera.2": {
    "correlation": -0.2879120879120879,
    "p_value": 0.3181928710258003
  },
  "midas_s_40737.1": {
    "correlation": -0.28136804168608165,
    "p_value": 0.3298038147735459
  },
  "midas_s_114219.1": {
    "correlation": 0.27472527472527475,
    "p_value": 0.34182974371948127
  },
  "Xanthobacter.1": {
    "correlation": -0.274595689507366,
    "p_value": 0.34206673263667153
  },
  "midas_g_72899.1": {
    "correlation": -0.27406632470303777,
    "p_value": 0.34303579649902494
  },
  "midas_s_52426.1": {
    "correlation": -0.2722178614686481,
    "p_value": 0.3464315474476043
  },
  "Methanospirillum_hungatei.1": {
    "correlation": -0.26894358966185944,
    "p_value": 0.352491995283014
  },
  "midas_s_119364.1": {
    "correlation": -0.26153846153846155,
    "p_value": 0.3664111370667421
  },
  "Sphingopyxis.2": {
    "correlation": -0.2531282905156518,
    "p_value": 0.38257383739265893
  },
  "Ochrobactrum.1": {
    "correlation": -0.2494505548174829,
    "p_value": 0.38975891214849534
  },
  "Syner-01.1": {
    "correlation": -0.24835164835164836,
    "p_value": 0.39191953893845743
  },
  "midas_g_824.1": {
    "correlation": -0.24668189441410632,
    "p_value": 0.39521458566213374
  },
  "midas_s_538.1": {
    "correlation": -0.24332991445596813,
    "p_value": 0.4018729638082371
  },