{
  "Methanobacterium_beijingense.1": {
    "correlation": 0.7934065934065934,
    "p_value": 0.0007075341356182061
  },
  "Methanobacterium_beijingense.17": {
    "correlation": -0.788937590243313,
    "p_value": 0.0007961380413178809
  },
  "midas_s_8128.1": {
    "correlation": 0.7802197802197802,
    "p_value": 0.0009944938002309496
  },
  "Methanothrix_harundinacea.3": {
    "correlation": -0.766011880722713,
    "p_value": 0.0014006723742926144
  },
  "midas_s_32633.1": {
    "correlation": 0.7618187974172981,
    "p_value": 0.0015428503417337298
  },
  "midas_s_22101.1": {
    "correlation": 0.7485036228109533,
    "p_value": 0.0020719575011171085
  },
  "Mesotoga_infera.1": {
    "correlation": 0.7318681318681319,
    "p_value": 0.002924630946811919
  },
  "midas_s_20752.1": {
    "correlation": -0.726026036540354,
    "p_value": 0.003282189509879681
  },
  "Methanobacterium.1": {
    "correlation": 0.7230769230769231,
    "p_value": 0.003475294618094306
  },
  "midas_s_101116.1": {
    "correlation": -0.7218613400470523,
    "p_value": 0.0035574424178515334
  },
  "Dethiobacteraceae.1": {
    "correlation": -0.7186813186813187,
    "p_value": 0.003779579961412288
  },
  "Syntrophomonas.2": {
    "correlation": -0.7160016020141753,
    "p_value": 0.003975102127304736
  },
  "Methanobacterium_beijingense.2": {
    "correlation": -0.6967032967032967,
    "p_value": 0.005628677002967549
  },
  "midas_s_94642.1": {
    "correlation": -0.6930697263218785,
    "p_value": 0.005992480517200581
  },
  "midas_s_5574.1": {
    "correlation": -0.6923076923076923,
    "p_value": 0.006071048749990052
  },
  "midas_s_825.1": {
    "correlation": 0.6855663812532755,
    "p_value": 0.0068015886224113515
  },
  "Aminivibrio_pyruvatiphilus.1": {
    "correlation": 0.6835164835164835,
    "p_value": 0.007036743639884641
  },
  "midas_s_38974.2": {
    "correlation": -0.6787623929561216,
    "p_value": 0.007606420569213058
  },
  "Acetoanaerobium.1": {
    "correlation": 0.6747252747252748,
    "p_value": 0.008117706397553251
  },
  "Mesotoga_infera.2": {
    "correlation": -0.6703296703296703,
    "p_value": 0.008704233809858863
  },
  "Soehngenia.1": {
    "correlation": 0.6644854633316918,
    "p_value": 0.009534180092041405
  },
  "midas_s_14202.1": {
    "correlation": 0.6615384615384616,
    "p_value": 0.009975179240423711
  },
  "midas_s_22737.1": {
    "correlation": -0.6594990491587167,
    "p_value": 0.010289449371806718
  },
  "midas_s_876.1": {
    "correlation": 0.6531487177502302,
    "p_value": 0.011317057485585822
  },
  "Desulfovibrio_sulfodismutans.1": {
    "correlation": 0.6449903556408435,
    "p_value": 0.012750884710983157
  },
  "midas_s_101322.1": {
    "correlation": 0.6377805126266953,
    "p_value": 0.01413026793027701
  },
  "Petrimonas_sulfuriphila.1": {
    "correlation": 0.6267053533763782,
    "p_value": 0.016467664181143087
  },
  "midas_s_3679.1": {
    "correlation": -0.6263736263736264,
    "p_value": 0.016541935428871186
  },
  "midas_s_18280.1": {
    "correlation": 0.621978021978022,
    "p_value": 0.017550315290540047
  },
  "Methanobacterium_beijingense.11": {
    "correlation": -0.62003827514897,
    "p_value": 0.018009849798455307
  },
  "Acetobacterium.1": {
    "correlation": -0.6131868131868132,
    "p_value": 0.019706331926038816
  },
  "midas_s_84394.2": {
    "correlation": -0.613062074568048,
    "p_value": 0.019738298053836596
  },
  "midas_s_90665.1": {
    "correlation": -0.6046470706791184,
    "p_value": 0.02198682663650395
  },
  "midas_s_114539.1": {
    "correlation": 0.5987457641043301,
    "p_value": 0.02367512226912891
  },
  "midas_s_46586.2": {
    "correlation": -0.5984777848237465,
    "p_value": 0.023754032395050962
  },
  "midas_s_360.1": {
    "correlation": 0.5956043956043956,
    "p_value": 0.024612610795286847
  },
  "midas_s_40737.1": {
    "correlation": -0.5947617141331807,
    "p_value": 0.024868766152238344
  },
  "Comamonadaceae.1": {
    "correlation": 0.5916758972560908,
    "p_value": 0.025823876972579006
  },
  "midas_s_538.1": {
    "correlation": -0.5916758972560908,
    "p_value": 0.025823876972579006
  },
  "midas_s_56159.1": {
    "correlation": 0.5824175824175825,
    "p_value": 0.028854655357671764
  },
  "Methanospirillum_hungatei.1": {
    "correlation": -0.5814304271737344,
    "p_value": 0.02919278542758912
  },
  "Romboutsia_lituseburensis.1": {
    "correlation": 0.5797020111822172,
    "p_value": 0.029791920234803978
  },
  "Desulfovibrio.1": {
    "correlation": 0.5736263736263736,
    "p_value": 0.03197081397639698
  },
  "Desulfitibacter.1": {
    "correlation": -0.573368727557112,
    "p_value": 0.03206575520489845
  },
  "midas_s_99172.1": {
    "correlation": 0.5673344476822398,
    "p_value": 0.03434976081430934
  },
  "Peptostreptococcales-Tissierellales.1": {
    "correlation": 0.5604395604395604,
    "p_value": 0.03710447700407433
  },
  "midas_s_47294.1": {
    "correlation": 0.552501172567817,
    "p_value": 0.040474135044126024
  },
  "Thermovirga.4": {
    "correlation": -0.5506940169266646,
    "p_value": 0.04127162662213005
  },
  "Methanobacteriaceae.1": {
    "correlation": 0.5472527472527472,
    "p_value": 0.04282204937819734
  },
  "midas_s_114219.1": {
    "correlation": 0.5472527472527472,
    "p_value": 0.04282204937819734
  },
  "midas_s_82500.1": {
    "correlation": 0.5417098291214406,
    "p_value": 0.04540844426783381
  },
  "midas_s_92454.1": {
    "correlation": -0.5368540102302805,
    "p_value": 0.04776640512822317
  },
  "midas_s_94423.1": {
    "correlation": -0.5340659340659341,
    "p_value": 0.0491599163719851
  },
  "midas_s_21122.1": {
    "correlation": 0.5231839070065792,
    "p_value": 0.05488264774296711
  },
  "midas_s_1625.1": {
    "correlation": -0.518680746847247,
    "p_value": 0.05738618706089159
  },
  "Methanosarcina.3": {
    "correlation": -0.5045894015560602,
    "p_value": 0.06575169346526552
  },
  "midas_s_98644.2": {
    "correlation": -0.5045894015560602,
    "p_value": 0.06575169346526552
  },
  "midas_s_5149.1": {
    "correlation": 0.48844914045541904,
    "p_value": 0.07636451430193483
  },
  "midas_s_57020.1": {
    "correlation": -0.4872470965783366,
    "p_value": 0.07720050408022143
  },
  "Enterobacteriaceae.1": {
    "correlation": -0.4826720064696197,
    "p_value": 0.08044151101623136
  },
  "midas_s_25887.1": {
    "correlation": -0.4813186813186813,
    "p_value": 0.08141829504280494
  },
  "midas_s_36575.1": {
    "correlation": -0.47252747252747257,
    "p_value": 0.08796742461254232
  },
  "Endomicrobium.1": {
    "correlation": 0.46864714827479403,
    "p_value": 0.09097205846523837
  },
  "midas_s_5446.3": {
    "correlation": 0.45336205114427747,
    "p_value": 0.10350366924609408
  },
  "Firmicutes.1": {
    "correlation": -0.45054945054945056,
    "p_value": 0.10593278527264058
  },
  "Propionicicella.1": {
    "correlation": 0.448127987857956,
    "p_value": 0.10805527007023617
  },
  "Leucobacter.1": {
    "correlation": 0.44784236014307627,
    "p_value": 0.10830754141350085
  },
  "midas_g_1743.1": {
    "correlation": 0.43736263736263736,
    "p_value": 0.11784483174447676
  },
  "midas_s_52426.1": {
    "correlation": -0.4300584702193769,
    "p_value": 0.12482030809308146
  },
  "midas_g_824.1": {
    "correlation": 0.42669300655412984,
    "p_value": 0.12812633032674398
  },
  "Desulfovibrio_aminophilus.1": {
    "correlation": 0.4241758241758242,
    "p_value": 0.13063731043811047
  },
  "EBM-39.1": {
    "correlation": 0.4241758241758242,
    "p_value": 0.13063731043811047
  },
  "Methanobacterium_formicicum.1": {
    "correlation": 0.4197802197802198,
    "p_value": 0.13510107382914271
  },
  "midas_s_83426.1": {
    "correlation": -0.41862074494758494,
    "p_value": 0.1362953500615643
  },
  "midas_s_26433.1": {
    "correlation": -0.41541399181883587,
    "p_value": 0.13963510258118905
  },
  "midas_s_116071.1": {
    "correlation": 0.41133347208793414,