{
  "midas_s_91638.1": {
    "correlation": 0.6111488375124255,
    "p_value": 0.020233522032428137
  },
  "Methanobacterium_beijingense.4": {
    "correlation": 0.5868131868131868,
    "p_value": 0.02738437553108774
  },
  "midas_s_98644.2": {
    "correlation": 0.5763076921325562,
    "p_value": 0.030995110546345423
  },
  "midas_s_57644.2": {
    "correlation": -0.5703141243614526,
    "p_value": 0.033207376846975285
  },
  "midas_s_5446.2": {
    "correlation": -0.5695386536602165,
    "p_value": 0.033501933982156236
  },
  "Xanthobacter.1": {
    "correlation": -0.546844407309541,
    "p_value": 0.04300881336309545
  },
  "midas_s_36575.1": {
    "correlation": 0.5428571428571429,
    "p_value": 0.044863966439248656
  },
  "midas_s_119547.6": {
    "correlation": 0.4994666665148819,
    "p_value": 0.06899823222133086
  },
  "Campylobacterales.1": {
    "correlation": -0.4858231429745707,
    "p_value": 0.07819916811874587
  },
  "midas_s_84729.1": {
    "correlation": 0.43736263736263736,
    "p_value": 0.11784483174447676
  },
  "midas_s_8102.1": {
    "correlation": -0.4178035689175855,
    "p_value": 0.13714128744928805
  },
  "midas_s_102854.1": {
    "correlation": -0.410989010989011,
    "p_value": 0.14433266812460507
  },
  "midas_s_114219.1": {
    "correlation": -0.3802197802197802,
    "p_value": 0.17990614630608154
  },
  "midas_s_4976.1": {
    "correlation": -0.37239065816244926,
    "p_value": 0.1897835953360641
  },
  "Methanosarcina.1": {
    "correlation": 0.37142857142857144,
    "p_value": 0.1910208120436164
  },
  "Desulfovibrio.1": {
    "correlation": -0.367032967032967,
    "p_value": 0.1967388717074885
  },
  "midas_s_32633.1": {
    "correlation": -0.35291925119970685,
    "p_value": 0.2158277263149856
  },
  "Methanobacterium_beijingense.17": {
    "correlation": 0.3511327866435027,
    "p_value": 0.21832347496295673
  },
  "midas_s_114539.1": {
    "correlation": -0.3407496218479928,
    "p_value": 0.23318417786197188
  },
  "Sulfuricurvum.1": {
    "correlation": -0.34066188023835536,
    "p_value": 0.233312340862156
  },
  "midas_g_58386.1": {
    "correlation": -0.33883408842402946,
    "p_value": 0.23599202908513406
  },
  "Acetobacterium.1": {
    "correlation": 0.3362637362637363,
    "p_value": 0.23979220225725306
  },
  "midas_s_22101.1": {
    "correlation": -0.334916035431928,
    "p_value": 0.24179960056721633
  },
  "midas_s_3064.1": {
    "correlation": 0.33333658210123823,
    "p_value": 0.24416521571994765
  },
  "midas_s_92051.1": {
    "correlation": 0.33092301043195393,
    "p_value": 0.24780727082984239
  },
  "midas_s_93169.1": {
    "correlation": 0.33041641015599876,
    "p_value": 0.24857589217537876
  },
  "midas_s_5574.1": {
    "correlation": 0.3274725274725274,
    "p_value": 0.2530710007719406
  },
  "midas_s_531.2": {
    "correlation": -0.326146066625936,
    "p_value": 0.25511236625400474
  },
  "Syntrophomonas.2": {
    "correlation": 0.32254385266453267,
    "p_value": 0.26070599112944615
  },
  "midas_g_824.1": {
    "correlation": -0.31557503609732523,
    "p_value": 0.27173456184561606
  },
  "Firmicutes.2": {
    "correlation": 0.3010989010989011,
    "p_value": 0.2955144656072166
  },
  "midas_s_57020.1": {
    "correlation": 0.29966840212094875,
    "p_value": 0.2979279138435692
  },
  "midas_s_119364.1": {
    "correlation": -0.2923076923076923,
    "p_value": 0.3105263203858819
  },
  "Dethiobacter.1": {
    "correlation": 0.2854653456366098,
    "p_value": 0.32250651295764177
  },
  "Lentimicrobium.1": {
    "correlation": -0.2835164835164835,
    "p_value": 0.32596594744177265
  },
  "Ca_Caldatribacterium.1": {
    "correlation": 0.2835164835164835,
    "p_value": 0.32596594744177265
  },
  "Endomicrobium.1": {
    "correlation": -0.2772278905287514,
    "p_value": 0.3372708064166938
  },
  "midas_s_112429.1": {
    "correlation": -0.274595689507366,
    "p_value": 0.34206673263667153
  },
  "midas_s_46918.1": {
    "correlation": -0.26593406593406593,
    "p_value": 0.3581134003647861
  },
  "midas_s_876.1": {
    "correlation": -0.2638208546206812,
    "p_value": 0.3620896790470215
  },
  "midas_s_42539.1": {
    "correlation": -0.25849224211189076,
    "p_value": 0.37222207756612025
  },
  "midas_s_30888.1": {
    "correlation": -0.2555622163859946,
    "p_value": 0.3778578298424252
  },
  "midas_g_9269.1": {
    "correlation": -0.2516299559794226,
    "p_value": 0.38549252799635003
  },
  "midas_s_84394.2": {
    "correlation": 0.2516299559794226,
    "p_value": 0.38549252799635003
  },
  "midas_s_38974.2": {
    "correlation": 0.24845264949714638,
    "p_value": 0.391720691612946
  },
  "midas_s_96264.1": {
    "correlation": -0.24835164835164836,
    "p_value": 0.39191953893845743
  },
  "midas_s_21122.1": {
    "correlation": -0.2450355007499168,
    "p_value": 0.3984777149221278
  },
  "midas_s_84837.3": {
    "correlation": 0.24332991445596813,
    "p_value": 0.4018729638082371
  },
  "midas_s_100693.1": {
    "correlation": 0.24332991445596813,
    "p_value": 0.4018729638082371
  },
  "midas_s_57644.1": {
    "correlation": 0.24332991445596813,
    "p_value": 0.4018729638082371
  },
  "midas_s_22225.1": {
    "correlation": 0.23852473529359497,
    "p_value": 0.4115190054956923
  },
  "midas_s_90665.1": {
    "correlation": 0.23601465584129153,
    "p_value": 0.41660477877024327
  },
  "Methanobacterium_beijingense.1": {
    "correlation": -0.22637362637362637,
    "p_value": 0.4364347945560526
  },
  "midas_s_5996.1": {
    "correlation": -0.22637362637362637,
    "p_value": 0.4364347945560526
  },
  "midas_s_26433.1": {
    "correlation": 0.21826836858277812,
    "p_value": 0.4534634761351981
  },
  "Desulfitibacter.1": {
    "correlation": 0.21556886268620104,
    "p_value": 0.45920621258446814
  },
  "midas_s_93835.1": {
    "correlation": -0.21122124992666771,
    "p_value": 0.4685287980154579
  },
  "midas_s_38974.1": {
    "correlation": -0.2087912087912088,
    "p_value": 0.4737788373098136
  },
  "Methanospirillum_hungatei.1": {
    "correlation": 0.20747076916772014,
    "p_value": 0.4766433349352285
  },
  "Methanothrix.1": {
    "correlation": 0.2043956043956044,
    "p_value": 0.4833462230422234
  },
  "Leptonema_illini.1": {
    "correlation": -0.20418653835163114,
    "p_value": 0.4838035273098876
  },
  "Methanothrix_harundinacea.3": {
    "correlation": 0.20088496007425613,
    "p_value": 0.4910522187230524
  },
  "Syntrophobacter_sulfatireducens.1": {
    "correlation": 0.2,
    "p_value": 0.49300373503999984
  },
  "Ochrobactrum.1": {
    "correlation": 0.19646990600669006,
    "p_value": 0.5008240361525407
  },
  "midas_s_5149.1": {
    "correlation": 0.19361947909944544,
    "p_value": 0.5071800042949804
  },
  "midas_g_75908.1": {
    "correlation": 0.1910594833000932,
    "p_value": 0.5129195241234754
  },
  "midas_s_1625.1": {
    "correlation": -0.19010470812048416,
    "p_value": 0.5150676268191388
  },
  "midas_s_8128.1": {
    "correlation": -0.18681318681318684,
    "p_value": 0.5225040123791591
  },
  "midas_s_141.1": {
    "correlation": 0.183003604348671,
    "p_value": 0.5311701320465445
  },
  "midas_s_3679.1": {
    "correlation": 0.1824175824175824,
    "p_value": 0.5325088185186945
  },
  "Acetoanaerobium.1": {
    "correlation": -0.1824175824175824,
    "p_value": 0.5325088185186945
  },
  "Leucobacter.1": {
    "correlation": -0.1801105144053676,
    "p_value": 0.5377933584018817
  },
  "Sphingopyxis.2": {
    "correlation": 0.175242662664682,
    "p_value": 0.5490179570413143
  },
  "Dethiobacteraceae.1": {
    "correlation": 0.17362637362637365,
    "p_value": 0.5527669411422413
  },
  "midas_s_20752.1": {
    "correlation": 0.1730774142836138,
    "p_value": 0.554042728154023
  },
  "Christensenellaceae_R-7_group.1": {
    "correlation": -0.16556452753372758,
    "p_value": 0.5716271059109806
  },
  "Clostridium_citroniae.1": {
    "correlation": -0.16043956043956045,
    "p_value": 0.5837527526413409
  },