{
  "midas_s_32633.1": {
    "correlation": -0.7370727037949515,
    "p_value": 0.006237426185346307
  },
  "midas_s_56159.1": {
    "correlation": -0.7011786252286585,
    "p_value": 0.011062366361210673
  },
  "Methanobacterium_beijingense.11": {
    "correlation": 0.677536231884058,
    "p_value": 0.015482190398599322
  },
  "midas_s_94642.1": {
    "correlation": 0.6774490372475505,
    "p_value": 0.01550057234104429
  },
  "Pseudarcobacter.1": {
    "correlation": -0.6631207734964829,
    "p_value": 0.01874562552833888
  },
  "Romboutsia_lituseburensis.1": {
    "correlation": -0.6495570615102154,
    "p_value": 0.02225123074785576
  },
  "Methanobacterium_beijingense.2": {
    "correlation": 0.6121965661894887,
    "p_value": 0.03435379262871554
  },
  "Desulfovibrio.1": {
    "correlation": -0.5872815896585211,
    "p_value": 0.04466864249662086
  },
  "midas_s_49937.1": {
    "correlation": -0.5694851778506871,
    "p_value": 0.0532606128919642
  },
  "Enterobacteriaceae.1": {
    "correlation": 0.5683624288214385,
    "p_value": 0.05383871873045574
  },
  "Methanosarcina.3": {
    "correlation": 0.5675113773644392,
    "p_value": 0.05427984174357459
  },
  "Sulfuricurvum.1": {
    "correlation": -0.5632762178318689,
    "p_value": 0.05651267049902225
  },
  "midas_s_22101.1": {
    "correlation": -0.5591721117051422,
    "p_value": 0.05873678577096059
  },
  "Sphingopyxis.2": {
    "correlation": 0.5556605655849511,
    "p_value": 0.06068754554026401
  },
  "EBM-39.1": {
    "correlation": -0.5552480484044199,
    "p_value": 0.060919625341362284
  },
  "Syntrophomonas.2": {
    "correlation": 0.5499091032103528,
    "p_value": 0.06397910262143154
  },
  "midas_s_27766.1": {
    "correlation": 0.5397845494253811,
    "p_value": 0.07006999366022923
  },
  "midas_s_46918.1": {
    "correlation": -0.537451636596586,
    "p_value": 0.07152802307741091
  },
  "Soehngenia.1": {
    "correlation": -0.5217391304347826,
    "p_value": 0.08189387714734747
  },
  "Xanthobacter.1": {
    "correlation": -0.4996137141702893,
    "p_value": 0.0981557079548672
  },
  "Mesotoga_infera.2": {
    "correlation": 0.48406240117308397,
    "p_value": 0.11079739837956118
  },
  "midas_s_269.1": {
    "correlation": -0.4767300695947688,
    "p_value": 0.1171149939355903
  },
  "Methanothrix_harundinacea.3": {
    "correlation": 0.4695611963677798,
    "p_value": 0.12351681536067347
  },
  "midas_s_40737.1": {
    "correlation": 0.465419619664338,
    "p_value": 0.12731765260164185
  },
  "Methanobacterium_beijingense.1": {
    "correlation": -0.46270670700368327,
    "p_value": 0.12984829606974055
  },
  "Methanobacterium.1": {
    "correlation": -0.45202885991898284,
    "p_value": 0.14012598554737313
  },
  "midas_s_8128.1": {
    "correlation": -0.45202885991898284,
    "p_value": 0.14012598554737313
  },
  "Desulfuromonadaceae.1": {
    "correlation": -0.44925567733258603,
    "p_value": 0.14287857893473782
  },
  "midas_s_96664.1": {
    "correlation": -0.44846957755741607,
    "p_value": 0.14366512941483017
  },
  "Petrimonas_sulfuriphila.1": {
    "correlation": -0.4480545766868128,
    "p_value": 0.1440814899760036
  },
  "Desulfovibrio_sulfodismutans.1": {
    "correlation": -0.44262355666037045,
    "p_value": 0.14960193191785126
  },
  "Mesotoga_infera.1": {
    "correlation": -0.4413510128342825,
    "p_value": 0.15091472285393895
  },
  "midas_s_1625.1": {
    "correlation": 0.4388242128263758,
    "p_value": 0.1535432224893745
  },
  "Syner-01.2": {
    "correlation": 0.4306731657495821,
    "p_value": 0.16222059753277357
  },
  "midas_s_57644.2": {
    "correlation": 0.4236268374903974,
    "p_value": 0.16996715220882339
  },
  "midas_s_112429.1": {
    "correlation": -0.4133544936883189,
    "p_value": 0.18167044023365514
  },
  "midas_s_7659.1": {
    "correlation": -0.4108104746593329,
    "p_value": 0.18464434500182508
  },
  "midas_s_59647.1": {
    "correlation": -0.41032913407141636,
    "p_value": 0.18521040299785993
  },
  "Burkholderiales.1": {
    "correlation": -0.40504133732487874,
    "p_value": 0.19149979616131468
  },
  "Leptonema_illini.1": {
    "correlation": 0.40083077448642984,
    "p_value": 0.1966010405033126
  },
  "Methanobacteriaceae.1": {
    "correlation": -0.39863962449548096,
    "p_value": 0.1992884129049809
  },
  "Acetoanaerobium.1": {
    "correlation": -0.39863962449548096,
    "p_value": 0.1992884129049809
  },
  "midas_s_21122.1": {
    "correlation": -0.3950803421339142,
    "p_value": 0.20370154950273117
  },
  "midas_s_20752.1": {
    "correlation": 0.3875198378327989,
    "p_value": 0.21327235257848579
  },
  "midas_s_25887.1": {
    "correlation": 0.3844024950492138,
    "p_value": 0.21729649021825165
  },
  "midas_s_18280.1": {
    "correlation": -0.37728393032608015,
    "p_value": 0.22665643326935325
  },
  "midas_s_84729.1": {
    "correlation": 0.3737246479645134,
    "p_value": 0.23142544762530667
  },
  "midas_s_101116.1": {
    "correlation": 0.3727814078034282,
    "p_value": 0.23269922667830922
  },
  "Syntrophorhabdus.1": {
    "correlation": 0.3641304347826087,
    "p_value": 0.2445761169433325
  },
  "Methanosarcina.1": {
    "correlation": 0.36304680087981306,
    "p_value": 0.24608852288355584
  },
  "midas_s_3064.1": {
    "correlation": -0.3620280979629447,
    "p_value": 0.24751531471111748
  },
  "midas_s_360.1": {
    "correlation": -0.3523689537951126,
    "p_value": 0.2612848191100979
  },
  "Aminivibrio_pyruvatiphilus.1": {
    "correlation": -0.3523689537951126,
    "p_value": 0.2612848191100979
  },
  "midas_s_79195.1": {
    "correlation": 0.3506131866106276,
    "p_value": 0.26383448924927216
  },
  "Thiobacillus.1": {
    "correlation": 0.3494210823697892,
    "p_value": 0.2655738094228486
  },
  "midas_s_93169.1": {
    "correlation": -0.3472830816707763,
    "p_value": 0.268709791604494
  },
  "Methanobacterium_beijingense.3": {
    "correlation": 0.3416911067104122,
    "p_value": 0.2770124343824631
  },
  "Dethiobacteraceae.1": {
    "correlation": 0.3310132596257119,
    "p_value": 0.2932684573809873
  },
  "midas_s_825.1": {
    "correlation": -0.3297681684414942,
    "p_value": 0.29519822211720204
  },
  "midas_f_46203.1": {
    "correlation": -0.32294422588954064,
    "p_value": 0.30590098137256233
  },
  "midas_s_114539.1": {
    "correlation": -0.3172452101385487,
    "p_value": 0.31500247825756345
  },
  "midas_s_114219.1": {
    "correlation": -0.3132168478178779,
    "p_value": 0.3215249574768022
  },
  "Methanobacterium_beijingense.17": {
    "correlation": 0.3115942028985508,
    "p_value": 0.324173004197166
  },
  "Azoarcus.1": {
    "correlation": -0.3016443070318306,
    "p_value": 0.340669681330526
  },
  "midas_s_22225.1": {
    "correlation": 0.3016443070318306,
    "p_value": 0.340669681330526
  },
  "midas_s_5996.1": {
    "correlation": -0.2989797183716107,
    "p_value": 0.34516270049911857
  },
  "midas_s_116071.1": {
    "correlation": -0.29824849096857575,
    "p_value": 0.3464012163869803
  },
  "Desulfitibacter.1": {
    "correlation": 0.29528985507246375,
    "p_value": 0.3514366147516891
  },
  "midas_s_70352.1": {
    "correlation": 0.29010842798107533,
    "p_value": 0.36034819448383437
  },
  "Thermovirga.4": {
    "correlation": 0.28965638379638786,
    "p_value": 0.36113126887991176
  },
  "midas_s_82500.1": {
    "correlation": -0.2795860558525711,
    "p_value": 0.3788071573917633
  },
  "midas_s_22737.1": {
    "correlation": 0.27783028279247557,
    "p_value": 0.3819339461268457
  },
  "Methanobacterium_formicicum.1": {
    "correlation": -0.27762402420220994,
    "p_value": 0.38230213467402174
  },
  "midas_s_102854.1": {
    "correlation": -0.26694617711750956,
    "p_value": 0.4016110488346386
  },
  "midas_s_94423.1": {
    "correlation": 0.26694617711750956,
    "p_value": 0.4016110488346386
  },
  "midas_s_101322.1": {
    "correlation": -0.26592327067279803,
    "p_value": 0.40348614139919403
  },