{
  "Xanthobacter.1": {
    "correlation": -0.6477881236960785,
    "p_value": 0.02274123694585962
  },
  "midas_s_112429.1": {
    "correlation": -0.6421757312657811,
    "p_value": 0.02434788424413667
  },
  "midas_s_32633.1": {
    "correlation": -0.5793999346841758,
    "p_value": 0.04834288814470418
  },
  "Pseudarcobacter.1": {
    "correlation": -0.5663409849321314,
    "p_value": 0.05489060723888584
  },
  "midas_s_22101.1": {
    "correlation": -0.5197433089567027,
    "p_value": 0.0832797546168882
  },
  "midas_s_4976.1": {
    "correlation": -0.5103367236747383,
    "p_value": 0.09002616794506933
  },
  "Methanobacterium_beijingense.11": {
    "correlation": 0.5054347826086957,
    "p_value": 0.09368389473728203
  },
  "midas_s_46918.1": {
    "correlation": -0.5054180953424848,
    "p_value": 0.09369651439334968
  },
  "Sulfuricurvum.1": {
    "correlation": -0.5039839843758827,
    "p_value": 0.09478532993157389
  },
  "Desulfuromonadaceae.1": {
    "correlation": -0.49560745356531316,
    "p_value": 0.10131507671207639
  },
  "midas_s_94642.1": {
    "correlation": 0.49560745356531316,
    "p_value": 0.10131507671207639
  },
  "Sphingopyxis.2": {
    "correlation": 0.492156500946671,
    "p_value": 0.10409040317153818
  },
  "midas_s_27766.1": {
    "correlation": 0.492156500946671,
    "p_value": 0.10409040317153818
  },
  "midas_s_59647.1": {
    "correlation": -0.49011535458530286,
    "p_value": 0.10575554621045616
  },
  "EBM-39.1": {
    "correlation": -0.48762168353465085,
    "p_value": 0.10781378947844335
  },
  "Methanosarcina.1": {
    "correlation": 0.48050311881151725,
    "p_value": 0.11383520218422853
  },
  "midas_s_7659.1": {
    "correlation": -0.4701027081153191,
    "p_value": 0.12302541729598333
  },
  "midas_s_49937.1": {
    "correlation": -0.4662659893652501,
    "p_value": 0.12653478790347403
  },
  "Methanobacterium_beijingense.2": {
    "correlation": 0.45202885991898284,
    "p_value": 0.14012598554737313
  },
  "Syntrophomonas.2": {
    "correlation": 0.4465704797882731,
    "p_value": 0.1455767984959098
  },
  "midas_s_269.1": {
    "correlation": -0.4444701400733183,
    "p_value": 0.1477099901704543
  },
  "Romboutsia_lituseburensis.1": {
    "correlation": -0.4354984844216217,
    "p_value": 0.15704707615514332
  },
  "Methanosarcina.3": {
    "correlation": 0.43410385208847035,
    "p_value": 0.15853141263394513
  },
  "midas_s_56159.1": {
    "correlation": -0.41999531866488177,
    "p_value": 0.17404880649770288
  },
  "Enterobacteriaceae.1": {
    "correlation": 0.417045158810536,
    "p_value": 0.17740948611098248
  },
  "Syntrophorhabdus.1": {
    "correlation": 0.4166666666666667,
    "p_value": 0.17784356005137417
  },
  "Desulfovibrio.1": {
    "correlation": -0.4128767539417481,
    "p_value": 0.18222661714109553
  },
  "midas_s_96664.1": {
    "correlation": -0.3701653656029466,
    "p_value": 0.23625381662633566
  },
  "midas_f_46203.1": {
    "correlation": -0.34194094505951356,
    "p_value": 0.2766383920159304
  },
  "Methanobacterium_beijingense.1": {
    "correlation": -0.3416911067104122,
    "p_value": 0.2770124343824631
  },
  "midas_s_116071.1": {
    "correlation": -0.3400412731425163,
    "p_value": 0.27948972377470743
  },
  "midas_s_84394.1": {
    "correlation": -0.3400412731425163,
    "p_value": 0.27948972377470743
  },
  "midas_s_70352.1": {
    "correlation": 0.3366951828393502,
    "p_value": 0.2845526979544295
  },
  "Mesotoga_infera.1": {
    "correlation": -0.3310132596257119,
    "p_value": 0.2932684573809873
  },
  "midas_s_91638.1": {
    "correlation": 0.3297681684414942,
    "p_value": 0.29519822211720204
  },
  "midas_s_93835.1": {
    "correlation": 0.32745397726414505,
    "p_value": 0.2988039068232815
  },
  "midas_s_99362.1": {
    "correlation": -0.3238946949025783,
    "p_value": 0.3043974704848051
  },
  "Desulfovibrio_sulfodismutans.1": {
    "correlation": -0.3115461943875569,
    "p_value": 0.3242515320331365
  },
  "midas_s_5446.3": {
    "correlation": -0.3056133110717231,
    "p_value": 0.33403591568118696
  },
  "midas_s_52426.1": {
    "correlation": -0.30394750671956766,
    "p_value": 0.3368115491927308
  },
  "Soehngenia.1": {
    "correlation": -0.3025362318840579,
    "p_value": 0.33917279029858927
  },
  "midas_s_22225.1": {
    "correlation": 0.3016443070318306,
    "p_value": 0.340669681330526
  },
  "midas_s_8128.1": {
    "correlation": -0.2989797183716107,
    "p_value": 0.34516270049911857
  },
  "midas_s_46586.1": {
    "correlation": 0.29444914713458115,
    "p_value": 0.35287451145966753
  },
  "midas_s_40737.1": {
    "correlation": 0.2925494752175839,
    "p_value": 0.3561350857808975
  },
  "midas_s_84729.1": {
    "correlation": 0.29186115364847715,
    "p_value": 0.3573204374373701
  },
  "Clostridium_citroniae.1": {
    "correlation": 0.28830187128691037,
    "p_value": 0.3634830473605587
  },
  "midas_s_3064.1": {
    "correlation": -0.2831704924660657,
    "p_value": 0.37246508335277606
  },
  "midas_s_79195.1": {
    "correlation": 0.2694185539218507,
    "p_value": 0.39709713717312556
  },
  "Syner-01.2": {
    "correlation": 0.2633868947559428,
    "p_value": 0.40815452366975424
  },
  "midas_s_99172.1": {
    "correlation": 0.2567175299043349,
    "p_value": 0.4205578916612952
  },
  "Methanobacterium_beijingense.3": {
    "correlation": 0.2562683300328092,
    "p_value": 0.4213999085391852
  },
  "midas_s_42539.1": {
    "correlation": -0.25465589343298217,
    "p_value": 0.4244292250599663
  },
  "Christensenellaceae_R-7_group.1": {
    "correlation": 0.25315200865566356,
    "p_value": 0.4272642115008456
  },
  "Mesotoga_infera.2": {
    "correlation": 0.2455904829481088,
    "p_value": 0.4416578806503746
  },
  "Desulfitibacter.1": {
    "correlation": 0.24456521739130438,
    "p_value": 0.4436272698531898
  },
  "Petrimonas_sulfuriphila.1": {
    "correlation": -0.24374168971762614,
    "p_value": 0.4452121960621732
  },
  "midas_s_101116.1": {
    "correlation": 0.24374168971762614,
    "p_value": 0.4452121960621732
  },
  "Leptonema_illini.1": {
    "correlation": 0.23935866154165952,
    "p_value": 0.45369300959300474
  },
  "midas_s_5446.2": {
    "correlation": -0.23935866154165952,
    "p_value": 0.45369300959300474
  },
  "midas_s_14041.1": {
    "correlation": -0.2384719182249752,
    "p_value": 0.4554180404622181
  },
  "midas_s_18280.1": {
    "correlation": -0.2384719182249752,
    "p_value": 0.4554180404622181
  },
  "Ochrobactrum.1": {
    "correlation": 0.23354164178797132,
    "p_value": 0.4650654536025426
  },
  "midas_s_141.1": {
    "correlation": 0.23251190269967936,
    "p_value": 0.4670923825269505
  },
  "midas_s_30888.1": {
    "correlation": -0.23020223431376544,
    "p_value": 0.4716536365236399
  },
  "Endomicrobium.1": {
    "correlation": -0.22779407114027483,
    "p_value": 0.47643126635631095
  },
  "midas_s_3679.1": {
    "correlation": 0.22423478877870803,
    "p_value": 0.48353318185867333
  },
  "Methanothrix_harundinacea.3": {
    "correlation": 0.22223507003665915,
    "p_value": 0.4875443173413987
  },
  "midas_s_5996.1": {
    "correlation": -0.22067550641714126,
    "p_value": 0.49068300396895215
  },
  "Methanobacterium.1": {
    "correlation": -0.21711622405557449,
    "p_value": 0.4978802084921985
  },
  "midas_s_1625.1": {
    "correlation": 0.21276325470369736,
    "p_value": 0.506745950319663
  },
  "midas_s_9526.1": {
    "correlation": 0.20643837697087405,
    "p_value": 0.5197507165228195
  },
  "midas_s_360.1": {
    "correlation": -0.20643837697087405,
    "p_value": 0.5197507165228195
  },
  "midas_s_98644.2": {
    "correlation": 0.200890717794269,
    "p_value": 0.5312749751046416
  },
  "Halothiobacillus_neapolitanus.1": {
    "correlation": 0.19931981224774048,
    "p_value": 0.534557886000188
  },
  "Azoarcus.1": {
    "correlation": -0.1984502019946254,
    "p_value": 0.536378905955065
  },