{
  "midas_s_82500.1": {
    "correlation": -0.7517533284859708,
    "p_value": 0.0019312518967182066
  },
  "midas_s_92454.1": {
    "correlation": 0.7187984546450316,
    "p_value": 0.003771209005033514
  },
  "midas_s_26433.1": {
    "correlation": 0.6965645870187218,
    "p_value": 0.005642240628623152
  },
  "Syntrophobacter_sulfatireducens.1": {
    "correlation": 0.6814992436959856,
    "p_value": 0.007274268690433594
  },
  "Dethiobacteraceae.1": {
    "correlation": 0.6790653178256428,
    "p_value": 0.007569088825827977
  },
  "midas_s_47294.1": {
    "correlation": -0.6630727762803235,
    "p_value": 0.00974366098094249
  },
  "midas_s_94423.1": {
    "correlation": 0.6498582073815291,
    "p_value": 0.011879609900153578
  },
  "midas_s_8128.1": {
    "correlation": -0.6303868004187866,
    "p_value": 0.015660328857002314
  },
  "Methanothrix_harundinacea.3": {
    "correlation": 0.6282867451544549,
    "p_value": 0.016117081862715103
  },
  "Methanobacterium.1": {
    "correlation": -0.625518948678101,
    "p_value": 0.016734464964575486
  },
  "Mesotoga_infera.2": {
    "correlation": 0.6157832451967299,
    "p_value": 0.019049802605459836
  },
  "Soehngenia.1": {
    "correlation": -0.6152803542221801,
    "p_value": 0.019175650824833766
  },
  "Dethiobacter.1": {
    "correlation": -0.5974198636974603,
    "p_value": 0.024067482675356487
  },
  "midas_s_94642.1": {
    "correlation": 0.5823485785090257,
    "p_value": 0.028878195850203188
  },
  "Pirellulaceae.1": {
    "correlation": 0.5744065054009021,
    "p_value": 0.03168461226039564
  },
  "midas_s_101116.1": {
    "correlation": 0.5720587485063909,
    "p_value": 0.0325517168714927
  },
  "midas_s_40737.1": {
    "correlation": 0.567461521705527,
    "p_value": 0.034300456017503506
  },
  "midas_s_30888.1": {
    "correlation": 0.5619946091644205,
    "p_value": 0.03646943273123339
  },
  "midas_s_20752.1": {
    "correlation": 0.560081122216369,
    "p_value": 0.03725200389803729
  },
  "midas_s_825.1": {
    "correlation": -0.5202531313032049,
    "p_value": 0.05650285122656915
  },
  "Desulfitibacter.1": {
    "correlation": 0.51929661896352,
    "p_value": 0.05703902428090909
  },
  "midas_s_91453.1": {
    "correlation": 0.5177785478375228,
    "p_value": 0.057897496368644275
  },
  "Methanobacterium_beijingense.1": {
    "correlation": -0.5135583586423319,
    "p_value": 0.06033288552284063
  },
  "Methanobacterium_beijingense.11": {
    "correlation": 0.5119132547128539,
    "p_value": 0.06130188996136775
  },
  "midas_s_91638.1": {
    "correlation": -0.5106826940044095,
    "p_value": 0.062033986224280795
  },
  "midas_s_1625.1": {
    "correlation": 0.5094278322972742,
    "p_value": 0.06278697677212126
  },
  "midas_s_46586.2": {
    "correlation": 0.5094278322972742,
    "p_value": 0.06278697677212126
  },
  "midas_s_22737.1": {
    "correlation": 0.5094278322972742,
    "p_value": 0.06278697677212126
  },
  "midas_s_18280.1": {
    "correlation": -0.5038226551609607,
    "p_value": 0.06623053089627393
  },
  "Enterobacteriaceae.1": {
    "correlation": 0.4990621418570929,
    "p_value": 0.06925937126534698
  },
  "Peptostreptococcales-Tissierellales.1": {
    "correlation": -0.49652087754993235,
    "p_value": 0.07091599058523365
  },
  "Acetoanaerobium.1": {
    "correlation": -0.4940869516795896,
    "p_value": 0.07252886265794568
  },
  "Methanobacterium_beijingense.3": {
    "correlation": 0.4892190999389039,
    "p_value": 0.07583240333990711
  },
  "Syntrophomonas.2": {
    "correlation": 0.4876622452156872,
    "p_value": 0.07691105175241876
  },
  "Aminivibrio_pyruvatiphilus.1": {
    "correlation": -0.4843512481982183,
    "p_value": 0.07924100327629895
  },
  "midas_s_22101.1": {
    "correlation": -0.48291438982211365,
    "p_value": 0.08026744253437974
  },
  "midas_s_8102.1": {
    "correlation": 0.474996433459523,
    "p_value": 0.08609218278215468
  },
  "midas_s_101322.1": {
    "correlation": -0.47370406637806883,
    "p_value": 0.08707024238738437
  },
  "LNR_A2-18.3": {
    "correlation": -0.4708675150823918,
    "p_value": 0.08924414900795133
  },
  "midas_s_90665.1": {
    "correlation": 0.4704681426617499,
    "p_value": 0.08955323960800386
  },
  "Desulfovibrio_sulfodismutans.1": {
    "correlation": -0.46630727762803237,
    "p_value": 0.09281807037970015
  },
  "midas_s_32633.1": {
    "correlation": -0.4649595687331537,
    "p_value": 0.09389308187283224
  },
  "Methanobacterium_beijingense.17": {
    "correlation": 0.4626908263750794,
    "p_value": 0.09572226825556206
  },
  "Methanobacterium_formicicum.1": {
    "correlation": -0.4600119894947903,
    "p_value": 0.09791377299510887
  },
  "Azoarcus.1": {
    "correlation": -0.45822102425876016,
    "p_value": 0.09939816891796956
  },
  "midas_s_5574.1": {
    "correlation": 0.450276286013419,
    "p_value": 0.10617077521334391
  },
  "midas_s_3679.1": {
    "correlation": 0.450276286013419,
    "p_value": 0.10617077521334391
  },
  "midas_s_119547.6": {
    "correlation": 0.4481751047169753,
    "p_value": 0.10801369444276085
  },
  "Mycobacterium.1": {
    "correlation": -0.44444979246343813,
    "p_value": 0.11133488253864882
  },
  "midas_s_84394.2": {
    "correlation": 0.4420626586500645,
    "p_value": 0.11349942099213528
  },
  "midas_s_57020.1": {
    "correlation": 0.4192628653672532,
    "p_value": 0.1356330864587757
  },
  "midas_s_99362.1": {
    "correlation": 0.41620132382861974,
    "p_value": 0.1388101065621795
  },
  "Methanospirillum_hungatei.1": {
    "correlation": 0.39711718139478824,
    "p_value": 0.1597356870630995
  },
  "Methanosarcina.3": {
    "correlation": 0.39711718139478824,
    "p_value": 0.1597356870630995
  },
  "midas_s_38974.2": {
    "correlation": 0.39711718139478824,
    "p_value": 0.1597356870630995
  },
  "midas_s_538.1": {
    "correlation": 0.39711718139478824,
    "p_value": 0.1597356870630995
  },
  "Thermovirga.4": {
    "correlation": 0.39711718139478824,
    "p_value": 0.1597356870630995
  },
  "midas_s_876.1": {
    "correlation": -0.3942806300991112,
    "p_value": 0.16301294287112683
  },
  "midas_s_93169.1": {
    "correlation": -0.3914440788034341,
    "p_value": 0.16633388660130088
  },
  "Mesotoga_infera.1": {
    "correlation": -0.38699421338450607,
    "p_value": 0.1716320192672453
  },
  "Campylobacterales.1": {
    "correlation": -0.38466999581630906,
    "p_value": 0.17444236112149658
  },
  "midas_s_25887.1": {
    "correlation": 0.38212636164382047,
    "p_value": 0.17755198923243465
  },
  "Thiobacillus.1": {
    "correlation": 0.3776737643050166,
    "p_value": 0.18308109330831948
  },
  "Methanobacterium_beijingense.2": {
    "correlation": 0.37725850990313486,
    "p_value": 0.18360232052137673
  },
  "midas_s_56159.1": {
    "correlation": -0.37482458403279206,
    "p_value": 0.18667655585610887
  },
  "Clostridium_citroniae.1": {
    "correlation": -0.37482458403279206,
    "p_value": 0.18667655585610887
  },
  "Comamonadaceae.1": {
    "correlation": -0.3602420145509865,
    "p_value": 0.20578460252489064
  },
  "Sphingopyxis.2": {
    "correlation": 0.3584905660377359,
    "p_value": 0.2081593759447761
  },
  "midas_s_83426.1": {
    "correlation": 0.3584634166130895,
    "p_value": 0.2081963227185748
  },
  "midas_s_96264.1": {
    "correlation": 0.3577871029403924,
    "p_value": 0.20911802786641193
  },
  "midas_s_52426.1": {
    "correlation": 0.35593010624833277,
    "p_value": 0.2116619850790906
  },
  "Soehngenia.2": {
    "correlation": -0.3557951482479785,
    "p_value": 0.21184762135315038
  },
  "midas_s_92051.1": {
    "correlation": 0.3482822935093609,
    "p_value": 0.22234282123779686
  },
  "midas_s_22225.1": {
    "correlation": 0.34366576819407013,
    "p_value": 0.2289492574187321
  },
  "midas_s_76790.1": {
    "correlation": 0.3422573709012595,
    "p_value": 0.23098860036327515
  },
  "midas_s_14202.1": {
    "correlation": -0.3407496218479928,
    "p_value": 0.23318417786197188
  },