{
  "Methanosarcina.1": {
    "correlation": 0.8320918999730094,
    "p_value": 0.0007871137127470998
  },
  "midas_s_78044.1": {
    "correlation": 0.7453880777323979,
    "p_value": 0.0053937016181883155
  },
  "midas_s_46586.1": {
    "correlation": 0.7194530682727287,
    "p_value": 0.008349382230199971
  },
  "Ca_Caldatribacterium.1": {
    "correlation": 0.6823153579778677,
    "p_value": 0.014498999744933214
  },
  "Sphingopyxis.2": {
    "correlation": 0.6727107990803413,
    "p_value": 0.016523841402618453
  },
  "midas_s_31096.1": {
    "correlation": 0.6619982602016992,
    "p_value": 0.019019272609961682
  },
  "midas_s_5149.1": {
    "correlation": 0.6585048413037651,
    "p_value": 0.01988961102193601
  },
  "Stappia.1": {
    "correlation": 0.6573526009786773,
    "p_value": 0.020182953349129094
  },
  "midas_s_14202.1": {
    "correlation": 0.6573526009786773,
    "p_value": 0.020182953349129094
  },
  "Ochrobactrum.1": {
    "correlation": 0.6501693369834642,
    "p_value": 0.02208343129357994
  },
  "midas_s_57020.1": {
    "correlation": -0.6395138384646477,
    "p_value": 0.0251380085019125
  },
  "Petrimonas_sulfuriphila.2": {
    "correlation": -0.6395138384646477,
    "p_value": 0.0251380085019125
  },
  "midas_s_84394.1": {
    "correlation": -0.6395138384646477,
    "p_value": 0.0251380085019125
  },
  "midas_s_83426.1": {
    "correlation": -0.6395138384646477,
    "p_value": 0.0251380085019125
  },
  "Methanothrix.1": {
    "correlation": 0.6282293844796221,
    "p_value": 0.028694975327636603
  },
  "midas_s_99172.1": {
    "correlation": 0.6084918153819602,
    "p_value": 0.035767199385872785
  },
  "Propionicicella.1": {
    "correlation": 0.6032666274804318,
    "p_value": 0.03783061554376237
  },
  "Firmicutes.2": {
    "correlation": 0.5866247894809716,
    "p_value": 0.04496703479418246
  },
  "midas_s_18280.1": {
    "correlation": 0.5575015729819163,
    "p_value": 0.05965928961710007
  },
  "midas_s_46586.2": {
    "correlation": -0.556726178549248,
    "p_value": 0.060090881503892746
  },
  "midas_s_360.1": {
    "correlation": 0.5533411134820513,
    "p_value": 0.06200046857390601
  },
  "midas_s_825.1": {
    "correlation": 0.5530618376368626,
    "p_value": 0.062159869956609624
  },
  "Comamonadaceae.1": {
    "correlation": 0.5474474089067606,
    "p_value": 0.0654249635660819
  },
  "midas_g_1743.1": {
    "correlation": 0.5450201944823212,
    "p_value": 0.06687253442796919
  },
  "midas_s_112429.1": {
    "correlation": -0.5306261006221851,
    "p_value": 0.07591327668657306
  },
  "midas_s_876.1": {
    "correlation": 0.5196110999792981,
    "p_value": 0.08337211797688404
  },
  "midas_s_7659.1": {
    "correlation": -0.4752475247524753,
    "p_value": 0.11842057326725483
  },
  "midas_s_84729.1": {
    "correlation": 0.4742923829846153,
    "p_value": 0.11926675553662702
  },
  "Thiobacillus.1": {
    "correlation": 0.46678824193684615,
    "p_value": 0.12605329377716676
  },
  "Mesotoga_infera.1": {
    "correlation": 0.4659714639848852,
    "p_value": 0.1268068566368819
  },
  "midas_s_90665.1": {
    "correlation": -0.44434543385435005,
    "p_value": 0.14783727380925948
  },
  "Firmicutes.1": {
    "correlation": -0.44100870698569494,
    "p_value": 0.15126910827717188
  },
  "midas_s_38974.1": {
    "correlation": 0.43268778798596486,
    "p_value": 0.16004765025152842
  },
  "midas_s_3064.1": {
    "correlation": 0.4189862406339869,
    "p_value": 0.17519377140934594
  },
  "midas_s_101322.1": {
    "correlation": 0.4129052490906923,
    "p_value": 0.18219341385256843
  },
  "Desulfuromonadaceae.1": {
    "correlation": -0.4105235877748156,
    "p_value": 0.18498159526473346
  },
  "Methanobacterium_beijingense.1": {
    "correlation": 0.4077250309867746,
    "p_value": 0.18829150925993732
  },
  "midas_s_93835.1": {
    "correlation": 0.4077250309867746,
    "p_value": 0.18829150925993732
  },
  "midas_s_9526.1": {
    "correlation": 0.40356457148690955,
    "p_value": 0.19327953922630847
  },
  "midas_s_113358.1": {
    "correlation": 0.3938470661959476,
    "p_value": 0.2052444945124669
  },
  "Methanospirillum_hungatei.1": {
    "correlation": -0.3931902750442328,
    "p_value": 0.20606910488726202
  },
  "midas_s_538.1": {
    "correlation": -0.3931902750442328,
    "p_value": 0.20606910488726202
  },
  "Thermovirga.4": {
    "correlation": -0.3931902750442328,
    "p_value": 0.20606910488726202
  },
  "midas_s_141.1": {
    "correlation": 0.39257703379364917,
    "p_value": 0.20684085912228645
  },
  "midas_s_96264.1": {
    "correlation": 0.39108319298731437,
    "p_value": 0.20872819632272333
  },
  "midas_s_30888.1": {
    "correlation": -0.3897083249844736,
    "p_value": 0.21047444974786883
  },
  "midas_s_269.1": {
    "correlation": 0.3896572037896078,
    "p_value": 0.2105395506196278
  },
  "midas_g_824.1": {
    "correlation": 0.3896572037896078,
    "p_value": 0.2105395506196278
  },
  "midas_s_95280.1": {
    "correlation": -0.38826300045525736,
    "p_value": 0.21231973129089712
  },
  "midas_s_20752.1": {
    "correlation": -0.38826300045525736,
    "p_value": 0.21231973129089712
  },
  "midas_s_1625.1": {
    "correlation": -0.3797113415883846,
    "p_value": 0.22343803939964746
  },
  "Aminivibrio_pyruvatiphilus.1": {
    "correlation": 0.3744413549878542,
    "p_value": 0.23046037255864762
  },
  "Petrimonas_sulfuriphila.1": {
    "correlation": 0.3687078917579084,
    "p_value": 0.2382480870715294
  },
  "midas_s_91638.1": {
    "correlation": 0.3687078917579084,
    "p_value": 0.2382480870715294
  },
  "midas_s_14041.1": {
    "correlation": 0.3661204359881241,
    "p_value": 0.24181302192921697
  },
  "midas_s_3679.1": {
    "correlation": -0.34947859798866393,
    "p_value": 0.26548974029969347
  },
  "midas_s_119364.1": {
    "correlation": 0.34947859798866393,
    "p_value": 0.26548974029969347
  },
  "midas_s_114539.1": {
    "correlation": 0.3486238633296865,
    "p_value": 0.2667406699587647
  },
  "Desulfitibacter.1": {
    "correlation": -0.345165501904491,
    "p_value": 0.2718367711376582
  },
  "midas_s_91453.1": {
    "correlation": 0.33133629673195775,
    "p_value": 0.2927689477322079
  },
  "midas_s_27766.1": {
    "correlation": 0.32939632230830507,
    "p_value": 0.29577592788672763
  },
  "Desulfovibrio.2": {
    "correlation": -0.31547816784457383,
    "p_value": 0.3178545068065607
  },
  "Desulfovibrio_sulfodismutans.1": {
    "correlation": 0.3130953167483171,
    "p_value": 0.3217228755838858
  },
  "Methanobacterium_formicicum.1": {
    "correlation": 0.30787400299001344,
    "p_value": 0.3302889590330703
  },
  "Pirellulaceae.1": {
    "correlation": 0.30787400299001344,
    "p_value": 0.3302889590330703
  },
  "Leucobacter.1": {
    "correlation": 0.30156001338084265,
    "p_value": 0.3408113324596801
  },
  "Lentimicrobium.1": {
    "correlation": 0.2953926244904183,
    "p_value": 0.35126105834973564
  },
  "Thauera.2": {
    "correlation": 0.2922812437383552,
    "p_value": 0.3565967565257423
  },
  "midas_s_8128.1": {
    "correlation": 0.2870717054906882,
    "p_value": 0.3656258840794919
  },
  "Soehngenia.2": {
    "correlation": 0.2842283726509545,
    "p_value": 0.37060397541830314
  },
  "Methanobacterium_beijingense.17": {
    "correlation": -0.2837556886822196,
    "p_value": 0.3714349584927913
  },
  "LNR_A2-18.3": {
    "correlation": 0.2830024740958677,
    "p_value": 0.3727611218180167
  },
  "Peptostreptococcales-Tissierellales.1": {
    "correlation": 0.2829112459908231,
    "p_value": 0.37292191165372857
  },
  "Syntrophobacter_sulfatireducens.1": {
    "correlation": -0.27875078649095814,
    "p_value": 0.38029300139805955
  },
  "Dethiobacteraceae.1": {
    "correlation": -0.27459032699109304,
    "p_value": 0.38773861446618707
  },
  "midas_s_116071.1": {
    "correlation": -0.2731257018442766,
    "p_value": 0.3903773580296285
  },
  "Campylobacterales.1": {
    "correlation": -0.2731257018442766,