{
  "Methanobacterium_beijingense.1": {
    "correlation": -0.8109890109890111,
    "p_value": 0.000432210064907679
  },
  "Syntrophomonas.2": {
    "correlation": 0.7480272327751928,
    "p_value": 0.0020932490845853944
  },
  "midas_s_22101.1": {
    "correlation": -0.7215305192862342,
    "p_value": 0.0035800610531398335
  },
  "midas_s_32633.1": {
    "correlation": -0.7180081317511277,
    "p_value": 0.0038279716900728148
  },
  "Petrimonas_sulfuriphila.1": {
    "correlation": -0.6778196197865084,
    "p_value": 0.0077235199405594444
  },
  "Methanobacterium_beijingense.2": {
    "correlation": 0.6703296703296703,
    "p_value": 0.008704233809858863
  },
  "Desulfovibrio.1": {
    "correlation": -0.6615384615384616,
    "p_value": 0.009975179240423711
  },
  "Mesotoga_infera.1": {
    "correlation": -0.6571428571428571,
    "p_value": 0.010661967747329804
  },
  "midas_s_876.1": {
    "correlation": -0.6531487177502302,
    "p_value": 0.011317057485585822
  },
  "Desulfitibacter.1": {
    "correlation": 0.6444842286494671,
    "p_value": 0.012844206691375083
  },
  "Aminivibrio_pyruvatiphilus.1": {
    "correlation": -0.6307692307692307,
    "p_value": 0.01557822427277127
  },
  "Methanobacterium_beijingense.17": {
    "correlation": 0.6244829939672422,
    "p_value": 0.01697010777470145
  },
  "midas_s_114219.1": {
    "correlation": -0.6131868131868132,
    "p_value": 0.019706331926038816
  },
  "midas_s_5446.3": {
    "correlation": -0.5814304271737344,
    "p_value": 0.02919278542758912
  },
  "Soehngenia.1": {
    "correlation": -0.5422556958292067,
    "p_value": 0.045148795202255565
  },
  "Methanothrix_harundinacea.3": {
    "correlation": 0.5364290692092774,
    "p_value": 0.04797691397892739
  },
  "midas_s_825.1": {
    "correlation": -0.5282232773590811,
    "p_value": 0.052175682879883625
  },
  "Endomicrobium.1": {
    "correlation": -0.5280531248166693,
    "p_value": 0.05226547102199243
  },
  "midas_s_8128.1": {
    "correlation": -0.5164835164835165,
    "p_value": 0.05863716344127844
  },
  "Sulfuricurvum.1": {
    "correlation": -0.5148348716384167,
    "p_value": 0.059588610749575915
  },
  "Desulfovibrio_sulfodismutans.1": {
    "correlation": -0.5086905069016463,
    "p_value": 0.06323245841027225
  },
  "midas_s_14202.1": {
    "correlation": -0.5076923076923077,
    "p_value": 0.06383915813376861
  },
  "Methanobacterium_beijingense.11": {
    "correlation": 0.49336378882821263,
    "p_value": 0.07301305084071286
  },
  "midas_s_96664.1": {
    "correlation": -0.4901098901098901,
    "p_value": 0.07522006672685849
  },
  "midas_s_20752.1": {
    "correlation": 0.4877636220720025,
    "p_value": 0.07684048587548296
  },
  "midas_s_102854.1": {
    "correlation": -0.4813186813186813,
    "p_value": 0.08141829504280494
  },
  "midas_s_5574.1": {
    "correlation": 0.47252747252747257,
    "p_value": 0.08796742461254232
  },
  "midas_s_22225.1": {
    "correlation": 0.4721816188465043,
    "p_value": 0.08823237143810152
  },
  "Methanobacterium.1": {
    "correlation": -0.4681318681318682,
    "p_value": 0.09137636506833118
  },
  "Acetoanaerobium.1": {
    "correlation": -0.4681318681318682,
    "p_value": 0.09137636506833118
  },
  "midas_s_114539.1": {
    "correlation": -0.4624459153651331,
    "p_value": 0.09592119748097638
  },
  "Gordonia.1": {
    "correlation": 0.45544582015437723,
    "p_value": 0.10172896795546961
  },
  "midas_s_46918.1": {
    "correlation": -0.45494505494505494,
    "p_value": 0.10215352669182914
  },
  "midas_s_18280.1": {
    "correlation": -0.45494505494505494,
    "p_value": 0.10215352669182914
  },
  "Romboutsia_lituseburensis.1": {
    "correlation": -0.45296553910189447,
    "p_value": 0.10384377097332952
  },
  "Desulfovibrio_aminophilus.1": {
    "correlation": -0.45054945054945056,
    "p_value": 0.10593278527264058
  },
  "Mesotoga_infera.2": {
    "correlation": 0.4461538461538462,
    "p_value": 0.10980712780122508
  },
  "Dethiobacteraceae.1": {
    "correlation": 0.4461538461538462,
    "p_value": 0.10980712780122508
  },
  "midas_s_98644.2": {
    "correlation": 0.44311658106192087,
    "p_value": 0.11254026019366452
  },
  "midas_s_101322.1": {
    "correlation": -0.44311658106192087,
    "p_value": 0.11254026019366452
  },
  "midas_s_90665.1": {
    "correlation": 0.44280844953080417,
    "p_value": 0.1128201111425481
  },
  "Lentimicrobium.1": {
    "correlation": -0.43736263736263736,
    "p_value": 0.11784483174447676
  },
  "Xanthobacter.1": {
    "correlation": -0.43418976546036514,
    "p_value": 0.12084149905956974
  },
  "midas_s_57020.1": {
    "correlation": 0.4300584702193769,
    "p_value": 0.12482030809308146
  },
  "EBM-39.1": {
    "correlation": -0.42857142857142855,
    "p_value": 0.1262738881593127
  },
  "Comamonadaceae.1": {
    "correlation": -0.42774837593838605,
    "p_value": 0.12708331611507986
  },
  "midas_s_42539.1": {
    "correlation": -0.42033086326020497,
    "p_value": 0.1345363677178388
  },
  "Acetobacterium.1": {
    "correlation": 0.4153846153846154,
    "p_value": 0.1396659475175257
  },
  "Desulfovibrio.2": {
    "correlation": 0.4123801708148512,
    "p_value": 0.14284464372523556
  },
  "midas_s_1571.1": {
    "correlation": -0.4065934065934066,
    "p_value": 0.14910193900151342
  },
  "Methanobacterium_beijingense.3": {
    "correlation": 0.4021978021978022,
    "p_value": 0.15397442954140356
  },
  "midas_s_38974.1": {
    "correlation": -0.39780219780219783,
    "p_value": 0.1589507745108348
  },
  "midas_g_1743.1": {
    "correlation": -0.3934065934065934,
    "p_value": 0.16403157340077784
  },
  "Campylobacterales.1": {
    "correlation": -0.39194427476692417,
    "p_value": 0.1657450939298078
  },
  "midas_s_78044.1": {
    "correlation": -0.3911702042952843,
    "p_value": 0.16665684827775337
  },
  "midas_s_79195.1": {
    "correlation": 0.3865951141865675,
    "p_value": 0.17211248738538393
  },
  "midas_s_21122.1": {
    "correlation": -0.386317230912031,
    "p_value": 0.17244754104668525
  },
  "midas_s_360.1": {
    "correlation": -0.38461538461538464,
    "p_value": 0.17450875077509556
  },
  "midas_s_84394.2": {
    "correlation": 0.3843075691322091,
    "p_value": 0.17488326154251196
  },
  "midas_s_95280.1": {
    "correlation": 0.38202002407785074,
    "p_value": 0.17768276292412646
  },
  "midas_g_824.1": {
    "correlation": -0.3733563807348636,
    "p_value": 0.1885468677531403
  },
  "midas_s_46586.2": {
    "correlation": 0.3731685011253949,
    "p_value": 0.18878706567200615
  },
  "Peptostreptococcales-Tissierellales.1": {
    "correlation": -0.37142857142857144,
    "p_value": 0.1910208120436164
  },
  "midas_s_119364.1": {
    "correlation": -0.37142857142857144,
    "p_value": 0.1910208120436164
  },
  "midas_s_70352.1": {
    "correlation": 0.36627555544424667,
    "p_value": 0.19773501727710613
  },
  "midas_s_38974.2": {
    "correlation": 0.36627555544424667,
    "p_value": 0.19773501727710613
  },
  "midas_s_40737.1": {
    "correlation": 0.3614321185886253,
    "p_value": 0.20418074120745833
  },
  "midas_s_56159.1": {
    "correlation": -0.35824175824175825,
    "p_value": 0.2084981247907672
  },
  "midas_s_94642.1": {
    "correlation": 0.3564358592512517,
    "p_value": 0.2109672240346033
  },
  "midas_s_22737.1": {
    "correlation": 0.35439272748386563,
    "p_value": 0.21378271048691927
  },
  "midas_s_82500.1": {
    "correlation": -0.3484025871942875,
    "p_value": 0.22217227807623455
  },
  "midas_g_9269.1": {
    "correlation": -0.3454193032081166,
    "p_value": 0.22642575887561045
  },
  "midas_s_5996.1": {
    "correlation": -0.3450549450549451,
    "p_value": 0.2269486800417005
  },
  "midas_s_269.1": {
    "correlation": -0.3421666902363703,
    "p_value": 0.23112028746280125
  },
  "Syntrophobacter_sulfatireducens.1": {
    "correlation": 0.3318681318681319,
    "p_value": 0.24637718314961166
  },
  "midas_s_49937.1": {
    "correlation": -0.3186813186813187,