{
  "midas_s_47294.4": {
    "correlation": 0.9153857298880941,
    "p_value": 0.0005337168926636566
  },
  "midas_s_47294.1": {
    "correlation": -0.9128709291752768,
    "p_value": 0.0005898392224376347
  },
  "Clostridium_citroniae.1": {
    "correlation": -0.8166666666666667,
    "p_value": 0.007224785246358786
  },
  "midas_s_3064.1": {
    "correlation": 0.7333333333333334,
    "p_value": 0.02455415007146968
  },
  "midas_s_30888.1": {
    "correlation": 0.7074749701108396,
    "p_value": 0.033013078209725745
  },
  "Desulfuromonadaceae.1": {
    "correlation": -0.7,
    "p_value": 0.03576957497026169
  },
  "midas_s_114924.1": {
    "correlation": 0.6963106238227914,
    "p_value": 0.037183381084283706
  },
  "midas_s_101322.1": {
    "correlation": -0.644087327036082,
    "p_value": 0.06117679930250166
  },
  "midas_s_26433.1": {
    "correlation": 0.6435959029348384,
    "p_value": 0.06143936891033541
  },
  "Azoarcus.1": {
    "correlation": -0.6390096504226939,
    "p_value": 0.06392412293886486
  },
  "Endomicrobium.1": {
    "correlation": -0.6,
    "p_value": 0.0876228290414024
  },
  "midas_s_7659.1": {
    "correlation": -0.59336610396393,
    "p_value": 0.09212027344886972
  },
  "Leucobacter.1": {
    "correlation": -0.5918640302493726,
    "p_value": 0.0931578281454818
  },
  "Mycobacterium.1": {
    "correlation": -0.5918640302493726,
    "p_value": 0.0931578281454818
  },
  "midas_s_42539.1": {
    "correlation": -0.5842373946721772,
    "p_value": 0.09853604260848557
  },
  "midas_s_8128.1": {
    "correlation": -0.5833333333333334,
    "p_value": 0.09918581647988323
  },
  "Dethiobacter.1": {
    "correlation": -0.5763539780776888,
    "p_value": 0.10428982565430112
  },
  "Acetoanaerobium.1": {
    "correlation": -0.5666666666666667,
    "p_value": 0.11163298761149111
  },
  "Campylobacterales.1": {
    "correlation": -0.5659799760886717,
    "p_value": 0.11216498551662016
  },
  "Syntrophorhabdus.1": {
    "correlation": -0.5594023904871686,
    "p_value": 0.11733810288497051
  },
  "midas_s_36575.1": {
    "correlation": 0.5499999999999999,
    "p_value": 0.12497678418833198
  },
  "midas_s_91084.1": {
    "correlation": -0.5249007842757842,
    "p_value": 0.14678430726681807
  },
  "midas_s_46918.1": {
    "correlation": 0.5166666666666667,
    "p_value": 0.1543901209862251
  },
  "midas_s_531.2": {
    "correlation": -0.5049752469181039,
    "p_value": 0.16557420585548727
  },
  "midas_s_22737.1": {
    "correlation": 0.5020790110464023,
    "p_value": 0.16841461580980888
  },
  "Desulfovibrio_aminophilus.1": {
    "correlation": -0.5,
    "p_value": 0.17047066078705375
  },
  "midas_s_92051.1": {
    "correlation": 0.474692883171144,
    "p_value": 0.19664393651789913
  },
  "midas_s_92454.1": {
    "correlation": 0.4686233489032049,
    "p_value": 0.20323552046727092
  },
  "Syntrophobacter_sulfatireducens.1": {
    "correlation": 0.45,
    "p_value": 0.22421610749233659
  },
  "midas_s_5574.1": {
    "correlation": 0.45,
    "p_value": 0.22421610749233659
  },
  "Dethiobacteraceae.1": {
    "correlation": 0.45,
    "p_value": 0.22421610749233659
  },
  "midas_s_114539.1": {
    "correlation": -0.4407412773535268,
    "p_value": 0.2350687099636431
  },
  "midas_s_70352.1": {
    "correlation": 0.43817804600413285,
    "p_value": 0.23812246098685602
  },
  "midas_s_99172.1": {
    "correlation": -0.43333333333333335,
    "p_value": 0.2439524358800516
  },
  "midas_s_40737.1": {
    "correlation": 0.42576344347996997,
    "p_value": 0.2532135193500453
  },
  "Enterobacteriaceae.1": {
    "correlation": 0.4016632088371218,
    "p_value": 0.28391827791399854
  },
  "midas_s_5446.2": {
    "correlation": 0.40037860869810504,
    "p_value": 0.28560653541744335
  },
  "Methanothrix.1": {
    "correlation": 0.39999999999999997,
    "p_value": 0.2861051019083129
  },
  "midas_s_49937.1": {
    "correlation": 0.39999999999999997,
    "p_value": 0.2861051019083129
  },
  "midas_s_119547.6": {
    "correlation": 0.39605901719066977,
    "p_value": 0.29132140439157966
  },
  "midas_s_8102.1": {
    "correlation": 0.38988651458196605,
    "p_value": 0.29958875858631395
  },
  "midas_s_1625.1": {
    "correlation": 0.386157541760903,
    "p_value": 0.3046405917193362
  },
  "Proteiniborus_ethanoligenes.1": {
    "correlation": -0.38340579025361626,
    "p_value": 0.30839607095608057
  },
  "Desulfovibrio_sulfodismutans.1": {
    "correlation": -0.37293492699144576,
    "p_value": 0.3228985625390918
  },
  "Halothiobacillus_neapolitanus.1": {
    "correlation": -0.3666666666666667,
    "p_value": 0.33173980143301507
  },
  "midas_s_5996.1": {
    "correlation": -0.3666666666666667,
    "p_value": 0.33173980143301507
  },
  "midas_s_119364.1": {
    "correlation": -0.3666666666666667,
    "p_value": 0.33173980143301507
  },
  "midas_s_32633.1": {
    "correlation": -0.35598333940092547,
    "p_value": 0.34708012239835
  },
  "midas_s_101116.1": {
    "correlation": 0.35598333940092547,
    "p_value": 0.34708012239835
  },
  "Burkholderiales.1": {
    "correlation": 0.35,
    "p_value": 0.35581957250178897
  },
  "midas_g_1743.1": {
    "correlation": -0.35,
    "p_value": 0.35581957250178897
  },
  "Comamonadaceae.1": {
    "correlation": -0.3481553119113957,
    "p_value": 0.358535187276177
  },
  "Methanothrix_harundinacea.3": {
    "correlation": 0.33903175181040524,
    "p_value": 0.37211179341720285
  },
  "midas_s_31096.1": {
    "correlation": 0.33473096350228926,
    "p_value": 0.37859496128192693
  },
  "Methanobacterium_beijingense.3": {
    "correlation": 0.33333333333333337,
    "p_value": 0.38071318167686347
  },
  "Propionicicella.1": {
    "correlation": 0.33333333333333337,
    "p_value": 0.38071318167686347
  },
  "Aminivibrio_pyruvatiphilus.1": {
    "correlation": -0.33333333333333337,
    "p_value": 0.38071318167686347
  },
  "midas_s_22225.1": {
    "correlation": 0.3286335345030996,
    "p_value": 0.3878767887873304
  },
  "midas_s_20752.1": {
    "correlation": 0.3286335345030996,
    "p_value": 0.3878767887873304
  },
  "Syntrophomonas.2": {
    "correlation": 0.3286335345030996,
    "p_value": 0.3878767887873304
  },
  "midas_g_75908.1": {
    "correlation": 0.32208016421988495,
    "p_value": 0.3979695352212853
  },
  "midas_s_91453.1": {
    "correlation": 0.31666666666666665,
    "p_value": 0.4063970144863861
  },
  "midas_s_91638.1": {
    "correlation": -0.30125786715206027,
    "p_value": 0.43082315771331503
  },
  "midas_s_360.1": {
    "correlation": -0.3,
    "p_value": 0.4328453267094823
  },
  "Mesotoga_infera.2": {
    "correlation": 0.3,
    "p_value": 0.4328453267094823
  },
  "Syner-01.2": {
    "correlation": -0.3,
    "p_value": 0.4328453267094823
  },
  "midas_s_21122.1": {
    "correlation": 0.2833333333333333,
    "p_value": 0.46003032896571994
  },
  "midas_s_94423.1": {
    "correlation": 0.2833333333333333,
    "p_value": 0.46003032896571994
  },
  "Firmicutes.2": {
    "correlation": 0.2833333333333333,
    "p_value": 0.46003032896571994
  },
  "Leptonema_illini.1": {
    "correlation": 0.2772413120334688,
    "p_value": 0.4701450823117139
  },
  "midas_s_38974.2": {
    "correlation": 0.27386127875258304,
    "p_value": 0.47579723851802413
  },
  "midas_s_46586.2": {
    "correlation": 0.27386127875258304,
    "p_value": 0.47579723851802413
  },
  "Soehngenia.1": {
    "correlation": -0.2677847708018314,
    "p_value": 0.4860296141888535
  },
  "Methanobacterium.1": {
    "correlation": -0.26666666666666666,
    "p_value": 0.4879222748387009
  },
  "LNR_A2-18.2": {
    "correlation": 0.26666666666666666,
    "p_value": 0.4879222748387009
  },
  "Methanobacterium_beijingense.1": {
    "correlation": -0.25,
    "p_value": 0.5164895523012263
  },
  "midas_s_91583.1": {
    "correlation": -0.25,
    "p_value": 0.5164895523012263
  },
  "LNR_A2-18.1": {
    "correlation": 0.25,
    "p_value": 0.5164895523012263
  },
  "Pirellulaceae.1": {
    "correlation": 0.25,