{
  "midas_s_21122.1": {
    "correlation": -0.7999999999999999,
    "p_value": 0.00962792472537983
  },
  "midas_s_531.2": {
    "correlation": 0.6832018046539052,
    "p_value": 0.04249788361036814
  },
  "midas_s_114924.1": {
    "correlation": -0.6614950926316517,
    "p_value": 0.052328627481360655
  },
  "midas_s_91084.1": {
    "correlation": 0.6390096504226938,
    "p_value": 0.06392412293886486
  },
  "midas_s_83426.1": {
    "correlation": -0.6336944275050715,
    "p_value": 0.06688180035801297
  },
  "Desulfovibrio.1": {
    "correlation": -0.6333333333333333,
    "p_value": 0.06708578689234565
  },
  "midas_s_46918.1": {
    "correlation": -0.6166666666666666,
    "p_value": 0.07692880993776309
  },
  "midas_s_113358.1": {
    "correlation": 0.6025157343041205,
    "p_value": 0.08595335754058796
  },
  "midas_s_56159.1": {
    "correlation": -0.6,
    "p_value": 0.0876228290414024
  },
  "Syner-01.2": {
    "correlation": 0.6,
    "p_value": 0.0876228290414024
  },
  "Burkholderiales.1": {
    "correlation": -0.5833333333333334,
    "p_value": 0.09918581647988323
  },
  "midas_s_1571.1": {
    "correlation": -0.5666666666666667,
    "p_value": 0.11163298761149111
  },
  "midas_s_3679.1": {
    "correlation": -0.5666666666666667,
    "p_value": 0.11163298761149111
  },
  "Dethiobacter.1": {
    "correlation": 0.5594023904871686,
    "p_value": 0.11733810288497051
  },
  "Ochrobactrum.1": {
    "correlation": 0.5499999999999999,
    "p_value": 0.12497678418833198
  },
  "midas_s_92051.1": {
    "correlation": -0.5294651389216606,
    "p_value": 0.14266456205626749
  },
  "midas_s_30888.1": {
    "correlation": -0.5249007842757842,
    "p_value": 0.14678430726681807
  },
  "midas_s_114219.1": {
    "correlation": -0.5166666666666667,
    "p_value": 0.1543901209862251
  },
  "Sulfuricurvum.1": {
    "correlation": -0.49507377148833714,
    "p_value": 0.175399548242805
  },
  "Thiobacillus.1": {
    "correlation": 0.48535989707831934,
    "p_value": 0.18535381786420974
  },
  "midas_s_84729.1": {
    "correlation": 0.48333333333333334,
    "p_value": 0.18746985521554207
  },
  "midas_s_5446.2": {
    "correlation": -0.47871355387816905,
    "p_value": 0.19234430144477085
  },
  "midas_s_5446.3": {
    "correlation": 0.474692883171144,
    "p_value": 0.19664393651789913
  },
  "Christensenellaceae_R-7_group.1": {
    "correlation": -0.4686233489032049,
    "p_value": 0.20323552046727092
  },
  "Thauera.2": {
    "correlation": 0.4564354645876384,
    "p_value": 0.21683754561890076
  },
  "Petrimonas_sulfuriphila.2": {
    "correlation": -0.45546786976927023,
    "p_value": 0.21793828553902453
  },
  "midas_g_1743.1": {
    "correlation": 0.45,
    "p_value": 0.22421610749233659
  },
  "Methanosarcina.1": {
    "correlation": 0.43333333333333335,
    "p_value": 0.2439524358800516
  },
  "Clostridium_citroniae.1": {
    "correlation": 0.43333333333333335,
    "p_value": 0.2439524358800516
  },
  "Comamonadaceae.1": {
    "correlation": 0.4264902570914597,
    "p_value": 0.25231632136598314
  },
  "midas_s_84394.1": {
    "correlation": -0.42576344347996997,
    "p_value": 0.2532135193500453
  },
  "Halothiobacillus_neapolitanus.1": {
    "correlation": 0.41666666666666663,
    "p_value": 0.26458604674749614
  },
  "Desulfitibacter.1": {
    "correlation": -0.40908249149588993,
    "p_value": 0.27426932228701745
  },
  "Methanobacteriaceae.1": {
    "correlation": -0.39999999999999997,
    "p_value": 0.2861051019083129
  },
  "Peptostreptococcales-Tissierellales.1": {
    "correlation": -0.39999999999999997,
    "p_value": 0.2861051019083129
  },
  "midas_s_22737.1": {
    "correlation": -0.38797014489949266,
    "p_value": 0.30217959013116114
  },
  "Desulfovibrio_aminophilus.1": {
    "correlation": 0.38333333333333336,
    "p_value": 0.30849527238037144
  },
  "midas_s_102854.1": {
    "correlation": -0.38333333333333336,
    "p_value": 0.30849527238037144
  },
  "midas_s_8128.1": {
    "correlation": 0.38333333333333336,
    "p_value": 0.30849527238037144
  },
  "midas_s_47294.4": {
    "correlation": -0.37293492699144576,
    "p_value": 0.3228985625390918
  },
  "Ca_Caldatribacterium.1": {
    "correlation": 0.3666666666666667,
    "p_value": 0.33173980143301507
  },
  "midas_s_91638.1": {
    "correlation": 0.35983578576496095,
    "p_value": 0.3415091184940342
  },
  "midas_g_75908.1": {
    "correlation": -0.35598333940092547,
    "p_value": 0.34708012239835
  },
  "midas_s_269.1": {
    "correlation": 0.3514675116774037,
    "p_value": 0.353666329808871
  },
  "Firmicutes.1": {
    "correlation": -0.35,
    "p_value": 0.35581957250178897
  },
  "midas_g_9269.1": {
    "correlation": -0.3468909530866052,
    "p_value": 0.36040222769407376
  },
  "Proteiniborus_ethanoligenes.1": {
    "correlation": -0.3468909530866052,
    "p_value": 0.36040222769407376
  },
  "midas_s_101322.1": {
    "correlation": 0.3394514291136108,
    "p_value": 0.3714819977903884
  },
  "midas_s_101116.1": {
    "correlation": -0.33903175181040524,
    "p_value": 0.37211179341720285
  },
  "midas_s_26433.1": {
    "correlation": -0.33665016461206926,
    "p_value": 0.37569534150728556
  },
  "LNR_A2-18.3": {
    "correlation": -0.322043663518041,
    "p_value": 0.398026085647747
  },
  "midas_s_52426.1": {
    "correlation": 0.3168472137525358,
    "p_value": 0.40611464179407886
  },
  "midas_s_36575.1": {
    "correlation": -0.31666666666666665,
    "p_value": 0.4063970144863861
  },
  "midas_g_58386.1": {
    "correlation": 0.31666666666666665,
    "p_value": 0.4063970144863861
  },
  "Endomicrobium.1": {
    "correlation": 0.31666666666666665,
    "p_value": 0.4063970144863861
  },
  "midas_s_91453.1": {
    "correlation": -0.3,
    "p_value": 0.4328453267094823
  },
  "midas_s_18280.1": {
    "correlation": 0.2833333333333333,
    "p_value": 0.46003032896571994
  },
  "Dethiobacteraceae.1": {
    "correlation": -0.2833333333333333,
    "p_value": 0.46003032896571994
  },
  "Acetobacterium.1": {
    "correlation": 0.2833333333333333,
    "p_value": 0.46003032896571994
  },
  "Syntrophorhabdus.1": {
    "correlation": 0.27122540144832413,
    "p_value": 0.480224692367622
  },
  "midas_s_9526.1": {
    "correlation": 0.26666666666666666,
    "p_value": 0.4879222748387009
  },
  "midas_s_96664.1": {
    "correlation": -0.26666666666666666,
    "p_value": 0.4879222748387009
  },
  "Petrimonas_sulfuriphila.1": {
    "correlation": -0.26666666666666666,
    "p_value": 0.4879222748387009
  },
  "midas_s_49937.1": {
    "correlation": -0.26666666666666666,
    "p_value": 0.4879222748387009
  },
  "Mesotoga_infera.1": {
    "correlation": 0.26666666666666666,
    "p_value": 0.4879222748387009
  },
  "midas_s_141.1": {
    "correlation": -0.26111648393354675,
    "p_value": 0.4973621027740842
  },
  "Azoarcus.1": {
    "correlation": 0.2556038601690775,
    "p_value": 0.5068110007937627
  },
  "Sphingopyxis.2": {
    "correlation": 0.2556038601690775,
    "p_value": 0.5068110007937627
  },
  "midas_f_46203.1": {
    "correlation": -0.2556038601690775,
    "p_value": 0.5068110007937627
  },
  "midas_s_57644.2": {
    "correlation": 0.2556038601690775,
    "p_value": 0.5068110007937627
  },
  "Desulfovibrio_sulfodismutans.1": {
    "correlation": 0.2542738138578039,
    "p_value": 0.5091015147548604
  },
  "midas_s_46586.1": {
    "correlation": -0.2542738138578039,
    "p_value": 0.5091015147548604
  },
  "Syntrophobacter_sulfatireducens.1": {
    "correlation": -0.25,
    "p_value": 0.5164895523012263
  },
  "Methanothrix.1": {
    "correlation": 0.25,
    "p_value": 0.5164895523012263
  },
  "midas_s_825.1": {
    "correlation": 0.25,
    "p_value": 0.5164895523012263
  },
  "midas_s_47294.1": {
    "correlation": 0.237346441585572,
    "p_value": 0.5386087664353267
  },
  "Methanobacterium_beijingense.11": {
    "correlation": 0.2350048355401921,
    "p_value": 0.5427414077723168
  },
  "midas_s_5149.1": {
    "correlation": 0.2333333333333333,