{
  "midas_s_47294.4": {
    "correlation": 0.8000651958366298,
    "p_value": 0.009617600703768528
  },
  "Leucobacter.1": {
    "correlation": -0.782263761667985,
    "p_value": 0.012723180558843071
  },
  "Firmicutes.2": {
    "correlation": 0.7447763937925935,
    "p_value": 0.021319728123320163
  },
  "Clostridium_citroniae.1": {
    "correlation": -0.728039845617479,
    "p_value": 0.026153620753162264
  },
  "Syntrophorhabdus.1": {
    "correlation": -0.7234632090012078,
    "p_value": 0.0275904068164015
  },
  "LNR_A2-18.2": {
    "correlation": 0.7196715715299219,
    "p_value": 0.028819184601435795
  },
  "midas_s_7659.1": {
    "correlation": -0.7104413351968638,
    "p_value": 0.03195875171406461
  },
  "midas_s_31096.1": {
    "correlation": 0.7058823529411765,
    "p_value": 0.03358836042737952
  },
  "midas_s_47294.1": {
    "correlation": -0.6783568878008764,
    "p_value": 0.044579146508535124
  },
  "midas_s_5996.1": {
    "correlation": -0.6694619270045785,
    "p_value": 0.04856819494488676
  },
  "Enterobacteriaceae.1": {
    "correlation": 0.6691899028305943,
    "p_value": 0.048693650778106605
  },
  "Mycobacterium.1": {
    "correlation": -0.6642686691258866,
    "p_value": 0.05099915097131907
  },
  "LNR_A2-18.1": {
    "correlation": 0.6610936529170212,
    "p_value": 0.05252286046708899
  },
  "midas_s_3064.1": {
    "correlation": 0.6610936529170212,
    "p_value": 0.05252286046708899
  },
  "midas_s_84394.1": {
    "correlation": -0.656237421318613,
    "p_value": 0.0549089228151006
  },
  "midas_s_36575.1": {
    "correlation": 0.6443571047419068,
    "p_value": 0.06103295769909979
  },
  "Acetoanaerobium.1": {
    "correlation": -0.6443571047419068,
    "p_value": 0.06103295769909979
  },
  "midas_s_114539.1": {
    "correlation": -0.6298385584245809,
    "p_value": 0.06908020631110869
  },
  "Desulfuromonadaceae.1": {
    "correlation": -0.619252282479235,
    "p_value": 0.07534651435930123
  },
  "Proteiniborus_ethanoligenes.1": {
    "correlation": -0.6141879930089016,
    "p_value": 0.0784648933647735
  },
  "midas_s_42539.1": {
    "correlation": -0.5683530681574911,
    "p_value": 0.11033294539058913
  },
  "Azoarcus.1": {
    "correlation": -0.5408521132466447,
    "p_value": 0.13268556533148698
  },
  "midas_s_93169.1": {
    "correlation": 0.5408521132466447,
    "p_value": 0.13268556533148698
  },
  "midas_s_101116.1": {
    "correlation": 0.5362139078479541,
    "p_value": 0.13669884424073092
  },
  "midas_s_83426.1": {
    "correlation": -0.5269785353013103,
    "p_value": 0.14490043632472968
  },
  "Soehngenia.2": {
    "correlation": -0.5191912441067491,
    "p_value": 0.1520343931868853
  },
  "midas_s_91084.1": {
    "correlation": -0.5041841733655162,
    "p_value": 0.166347276964704
  },
  "midas_s_91583.1": {
    "correlation": -0.49372817116587664,
    "p_value": 0.17675983229878703
  },
  "Methanosarcina.1": {
    "correlation": 0.49372817116587664,
    "p_value": 0.17675983229878703
  },
  "midas_s_531.2": {
    "correlation": -0.48720657037290954,
    "p_value": 0.18343742988342793
  },
  "midas_s_119364.1": {
    "correlation": -0.48535989707831934,
    "p_value": 0.18535381786420974
  },
  "midas_s_825.1": {
    "correlation": 0.4686233489032049,
    "p_value": 0.20323552046727092
  },
  "midas_s_92051.1": {
    "correlation": 0.4675162334843878,
    "p_value": 0.2044509404463492
  },
  "midas_s_141.1": {
    "correlation": 0.45449961571771186,
    "p_value": 0.21904284320832956
  },
  "midas_s_101322.1": {
    "correlation": -0.45449961571771186,
    "p_value": 0.21904284320832956
  },
  "Methanobacteriaceae.1": {
    "correlation": -0.4518868007280905,
    "p_value": 0.22203877371139524
  },
  "midas_s_32633.1": {
    "correlation": -0.4511005891419296,
    "p_value": 0.2229446345168232
  },
  "Romboutsia_lituseburensis.1": {
    "correlation": 0.4511005891419296,
    "p_value": 0.2229446345168232
  },
  "midas_s_116071.1": {
    "correlation": -0.4491822635438235,
    "p_value": 0.22516337100282002
  },
  "Campylobacterales.1": {
    "correlation": -0.4491822635438235,
    "p_value": 0.22516337100282002
  },
  "midas_s_102854.1": {
    "correlation": -0.4435185266405332,
    "p_value": 0.2317840652993742
  },
  "Methanobacterium_formicicum.1": {
    "correlation": 0.4435185266405332,
    "p_value": 0.2317840652993742
  },
  "Gordonia.1": {
    "correlation": -0.44117647058823534,
    "p_value": 0.23455235234317473
  },
  "midas_s_114924.1": {
    "correlation": 0.43701886126703066,
    "p_value": 0.23951047218417265
  },
  "Halothiobacillus_neapolitanus.1": {
    "correlation": -0.43515025255297596,
    "p_value": 0.2417571115070842
  },
  "midas_s_22101.1": {
    "correlation": 0.4327731092436975,
    "p_value": 0.24463148845356353
  },
  "Petrimonas_sulfuriphila.2": {
    "correlation": -0.42754862298030843,
    "p_value": 0.2510128834899665
  },
  "midas_s_8128.1": {
    "correlation": -0.42678197846541877,
    "p_value": 0.2519566902874007
  },
  "midas_s_112429.1": {
    "correlation": -0.4216813086329772,
    "p_value": 0.25828412091173286
  },
  "Syner-01.2": {
    "correlation": -0.4184137043778615,
    "p_value": 0.2623814171891539
  },
  "midas_s_57020.1": {
    "correlation": -0.4176056317482082,
    "p_value": 0.2633999332397084
  },
  "Ca_Caldatribacterium.1": {
    "correlation": 0.41004543029030427,
    "p_value": 0.27302974714377237
  },
  "midas_s_46586.1": {
    "correlation": 0.4000325979183149,
    "p_value": 0.2860621580234878
  },
  "midas_s_76790.1": {
    "correlation": -0.39075630252100846,
    "p_value": 0.29841660685344323
  },
  "midas_s_94642.1": {
    "correlation": 0.39075630252100846,
    "p_value": 0.29841660685344323
  },
  "Propionicicella.1": {
    "correlation": 0.3849406080276326,
    "p_value": 0.30629853528662443
  },
  "midas_s_8102.1": {
    "correlation": 0.38300993417711005,
    "p_value": 0.3089382379862266
  },
  "Methanothrix.1": {
    "correlation": 0.3765723339400754,
    "p_value": 0.3178226816985236
  },
  "midas_s_5574.1": {
    "correlation": 0.3765723339400754,
    "p_value": 0.3178226816985236
  },
  "Endomicrobium.1": {
    "correlation": -0.3765723339400754,
    "p_value": 0.3178226816985236
  },
  "midas_s_46918.1": {
    "correlation": 0.36820405985251814,
    "p_value": 0.3295603649720029
  },
  "midas_g_58386.1": {
    "correlation": -0.36820405985251814,
    "p_value": 0.3295603649720029
  },
  "midas_s_18280.1": {
    "correlation": 0.36820405985251814,
    "p_value": 0.3295603649720029
  },
  "midas_s_26433.1": {
    "correlation": 0.36789067558770727,
    "p_value": 0.33000404659128674
  },
  "midas_s_84729.1": {
    "correlation": 0.35146751167740364,
    "p_value": 0.353666329808871
  },
  "Xanthobacter.1": {
    "correlation": -0.34961508901362454,
    "p_value": 0.3563853880042577
  },
  "Methanobacterium_beijingense.4": {
    "correlation": 0.34309923758984645,
    "p_value": 0.36602924302380374
  },
  "Desulfovibrio.2": {
    "correlation": -0.3391784439004382,
    "p_value": 0.37189159993502885
  },
  "midas_s_46673.1": {
    "correlation": 0.33473096350228926,
    "p_value": 0.37859496128192693
  },
  "Desulfitibacter.1": {
    "correlation": -0.327764145950273,
    "p_value": 0.38920878682436816
  },
  "Pseudarcobacter.1": {
    "correlation": 0.3234306110828929,
    "p_value": 0.3958799012187665
  },
  "EBM-39.1": {
    "correlation": -0.31799441532717476,
    "p_value": 0.4043225359679229
  },
  "midas_s_269.1": {
    "correlation": 0.3151260504201681,
    "p_value": 0.40881015929325915
  },
  "midas_s_95280.1": {
    "correlation": -0.31167748898959186,
    "p_value": 0.41423538682073024
  },
  "midas_s_1571.1": {
    "correlation": -0.30125786715206027,
    "p_value": 0.43082315771331503
  },
  "midas_g_72899.1": {
    "correlation": -0.28417653407874555,
    "p_value": 0.45863774800156665
  },
  "Firmicutes.1": {
    "correlation": 0.27615304488938863,
    "p_value": 0.47196179260238613
  },