{
  "Desulfovibrio_sulfodismutans.1": {
    "correlation": -0.9069563718385057,
    "p_value": 4.6894083179363024e-05
  },
  "midas_s_8128.1": {
    "correlation": -0.8811188811188813,
    "p_value": 0.00015267406467669873
  },
  "midas_s_22737.1": {
    "correlation": 0.8421836707988893,
    "p_value": 0.0005877900030744124
  },
  "midas_s_40737.1": {
    "correlation": 0.8397744183689869,
    "p_value": 0.0006313446438781651
  },
  "midas_s_1625.1": {
    "correlation": 0.8248450953757603,
    "p_value": 0.0009598034617463277
  },
  "midas_s_101322.1": {
    "correlation": -0.8031936860396814,
    "p_value": 0.001653530743528971
  },
  "midas_s_20752.1": {
    "correlation": 0.7976251621932411,
    "p_value": 0.0018820943187612767
  },
  "Comamonadaceae.1": {
    "correlation": -0.7953956890878399,
    "p_value": 0.0019800904587873092
  },
  "midas_s_269.1": {
    "correlation": -0.7887519530284786,
    "p_value": 0.0022953943176097567
  },
  "Methanobacterium_beijingense.2": {
    "correlation": 0.7552447552447553,
    "p_value": 0.004508435484294225
  },
  "Mesotoga_infera.1": {
    "correlation": -0.7482517482517484,
    "p_value": 0.005124081698753058
  },
  "midas_s_32633.1": {
    "correlation": -0.7464661496613217,
    "p_value": 0.005290973692152936
  },
  "Desulfitibacter.1": {
    "correlation": 0.74389001356746,
    "p_value": 0.005538938206504579
  },
  "Methanobacterium_formicicum.1": {
    "correlation": -0.7342657342657343,
    "p_value": 0.006543490146837885
  },
  "Mesotoga_infera.2": {
    "correlation": 0.7272727272727274,
    "p_value": 0.007355028857805126
  },
  "Methanobacterium_beijingense.1": {
    "correlation": -0.7202797202797203,
    "p_value": 0.008239768712338441
  },
  "Dethiobacteraceae.1": {
    "correlation": 0.7202797202797203,
    "p_value": 0.008239768712338441
  },
  "Syntrophomonas.2": {
    "correlation": 0.7178626459739169,
    "p_value": 0.00856333307795743
  },
  "Methanobacterium.1": {
    "correlation": -0.7132867132867133,
    "p_value": 0.009201779777634755
  },
  "midas_s_25887.1": {
    "correlation": 0.7062937062937064,
    "p_value": 0.010245193941127854
  },
  "midas_s_360.1": {
    "correlation": -0.6993006993006995,
    "p_value": 0.011374198642690932
  },
  "EBM-39.1": {
    "correlation": -0.6993006993006995,
    "p_value": 0.011374198642690932
  },
  "Methanobacterium_beijingense.17": {
    "correlation": 0.6976193428670917,
    "p_value": 0.011658883952504558
  },
  "midas_s_18280.1": {
    "correlation": -0.6853146853146854,
    "p_value": 0.013905968814362752
  },
  "Methanothrix_harundinacea.3": {
    "correlation": 0.6831155307478788,
    "p_value": 0.014338998433725771
  },
  "midas_s_94642.1": {
    "correlation": 0.6830133066298876,
    "p_value": 0.014359366083483243
  },
  "Petrimonas_sulfuriphila.2": {
    "correlation": 0.6792841961918028,
    "p_value": 0.015117068434367307
  },
  "Petrimonas_sulfuriphila.1": {
    "correlation": -0.6760731025958387,
    "p_value": 0.01579277207866749
  },
  "midas_s_83426.1": {
    "correlation": 0.6718195346951895,
    "p_value": 0.016721729170343595
  },
  "midas_s_46586.2": {
    "correlation": 0.6706277378583748,
    "p_value": 0.01698905745269874
  },
  "midas_s_90665.1": {
    "correlation": 0.6671046811070743,
    "p_value": 0.017797655806285905
  },
  "midas_s_5149.1": {
    "correlation": -0.6619975125797373,
    "p_value": 0.019019455833880407
  },
  "midas_s_3679.1": {
    "correlation": 0.6503496503496504,
    "p_value": 0.022034190932365288
  },
  "Acetoanaerobium.1": {
    "correlation": -0.6503496503496504,
    "p_value": 0.022034190932365288
  },
  "midas_s_825.1": {
    "correlation": -0.6479033899876788,
    "p_value": 0.022709070664903207
  },
  "Methanobacterium_beijingense.11": {
    "correlation": 0.6477893898051567,
    "p_value": 0.02274088344480867
  },
  "Methanospirillum_hungatei.1": {
    "correlation": 0.6425263978050368,
    "p_value": 0.02424515673896447
  },
  "midas_s_876.1": {
    "correlation": -0.631637753099167,
    "p_value": 0.027584641058513742
  },
  "midas_s_30888.1": {
    "correlation": 0.6238397561473255,
    "p_value": 0.030171995450734852
  },
  "Aminivibrio_pyruvatiphilus.1": {
    "correlation": -0.6223776223776225,
    "p_value": 0.030675895061640132
  },
  "Methanobacteriaceae.1": {
    "correlation": -0.6083916083916086,
    "p_value": 0.035805997052029234
  },
  "midas_s_5446.3": {
    "correlation": -0.6082437622436423,
    "p_value": 0.0358632943063754
  },
  "midas_s_538.1": {
    "correlation": 0.605810603644749,
    "p_value": 0.036815689793074875
  },
  "midas_s_114539.1": {
    "correlation": -0.6046375812256706,
    "p_value": 0.037281225408933125
  },
  "midas_s_5574.1": {
    "correlation": 0.6013986013986015,
    "p_value": 0.03858845292201944
  },
  "Soehngenia.1": {
    "correlation": -0.5979594367432214,
    "p_value": 0.04001184548348176
  },
  "Methanosarcina.3": {
    "correlation": 0.5949457084807017,
    "p_value": 0.04128949522788594
  },
  "midas_s_84394.2": {
    "correlation": 0.5934405889807507,
    "p_value": 0.04193829990642367
  },
  "midas_s_101116.1": {
    "correlation": 0.5915639647713589,
    "p_value": 0.04275733150402945
  },
  "Leptonema_illini.1": {
    "correlation": 0.5897082582324441,
    "p_value": 0.04357831239010308
  },
  "Desulfovibrio_aminophilus.1": {
    "correlation": -0.5874125874125874,
    "p_value": 0.044609296463363105
  },
  "midas_s_14202.1": {
    "correlation": -0.5804195804195805,
    "p_value": 0.04785597684206058
  },
  "midas_g_1743.1": {
    "correlation": -0.5804195804195805,
    "p_value": 0.04785597684206058
  },
  "Xanthobacter.1": {
    "correlation": -0.5747789352392177,
    "p_value": 0.05059331643852031
  },
  "midas_s_22101.1": {
    "correlation": -0.570436680315239,
    "p_value": 0.05277409602042297
  },
  "Azoarcus.1": {
    "correlation": -0.5614557805325929,
    "p_value": 0.05749182876683778
  },
  "midas_s_38974.2": {
    "correlation": 0.5599158609443893,
    "p_value": 0.05832928539850212
  },
  "Firmicutes.1": {
    "correlation": 0.5594405594405596,
    "p_value": 0.05858947538856762
  },
  "Enterobacteriaceae.1": {
    "correlation": 0.5583376135352688,
    "p_value": 0.059196361664350064
  },
  "Endomicrobium.1": {
    "correlation": -0.5454545454545455,
    "p_value": 0.06661188226688902
  },
  "Thauera.2": {
    "correlation": -0.5380617896770681,
    "p_value": 0.0711446933690692
  },
  "midas_s_56159.1": {
    "correlation": -0.5314685314685316,
    "p_value": 0.07536233505348364
  },
  "Propionicicella.1": {
    "correlation": -0.5314685314685316,
    "p_value": 0.07536233505348364
  },
  "midas_s_84394.1": {
    "correlation": 0.5299909662595385,
    "p_value": 0.07633046581569501
  },
  "midas_s_78044.1": {
    "correlation": -0.5232145071503187,
    "p_value": 0.0808795345970127
  },
  "Methanobacterium_beijingense.3": {
    "correlation": 0.5104895104895105,
    "p_value": 0.08991373630263913
  },
  "midas_s_57020.1": {
    "correlation": 0.5001323202730855,
    "p_value": 0.09775161863452078
  },
  "midas_s_46673.1": {
    "correlation": 0.4895104895104896,
    "p_value": 0.106252371759346
  },
  "midas_s_94423.1": {
    "correlation": 0.4825174825174825,
    "p_value": 0.11210929146889191
  },
  "Christensenellaceae_R-7_group.1": {
    "correlation": 0.4728553661283838,
    "p_value": 0.12054731608984573
  },
  "midas_s_99172.1": {
    "correlation": -0.469352733786692,
    "p_value": 0.12370632820811779
  },
  "Ochrobactrum.1": {
    "correlation": -0.46585010144500033,
    "p_value": 0.12691907673410677
  },
  "Romboutsia_lituseburensis.1": {
    "correlation": -0.45682168380158356,
    "p_value": 0.13544995826746498
  },
  "Desulfovibrio.1": {
    "correlation": -0.4545454545454546,
    "p_value": 0.13765791634772945
  },
  "Leucobacter.1": {
    "correlation": -0.4366878293031278,
    "p_value": 0.1557882423242841
  },
  "Stappia.1": {
    "correlation": -0.4265734265734266,