{
  "midas_s_47294.4": {
    "correlation": -0.8306277919354929,
    "p_value": 0.005555423798528958
  },
  "Clostridium_citroniae.1": {
    "correlation": 0.8166666666666667,
    "p_value": 0.007224785246358786
  },
  "midas_s_47294.1": {
    "correlation": 0.8033264176742436,
    "p_value": 0.009110661710242144
  },
  "midas_s_114924.1": {
    "correlation": -0.7920533345984251,
    "p_value": 0.010943136804887923
  },
  "midas_s_91084.1": {
    "correlation": 0.7302967433402214,
    "p_value": 0.025463561683239266
  },
  "midas_s_30888.1": {
    "correlation": -0.7302967433402214,
    "p_value": 0.025463561683239266
  },
  "midas_s_101322.1": {
    "correlation": 0.7224222722161461,
    "p_value": 0.027924260269707922
  },
  "midas_s_531.2": {
    "correlation": 0.7030047555134388,
    "p_value": 0.03464425532766112
  },
  "Endomicrobium.1": {
    "correlation": 0.6833333333333333,
    "p_value": 0.04244227208707231
  },
  "Desulfovibrio_aminophilus.1": {
    "correlation": 0.6666666666666667,
    "p_value": 0.04986723056888511
  },
  "midas_s_8128.1": {
    "correlation": 0.6666666666666667,
    "p_value": 0.04986723056888511
  },
  "Dethiobacter.1": {
    "correlation": 0.6611119160302902,
    "p_value": 0.052514014075065556
  },
  "midas_s_46918.1": {
    "correlation": -0.65,
    "p_value": 0.05807305801714863
  },
  "midas_s_42539.1": {
    "correlation": 0.6207522318391883,
    "p_value": 0.07443796489097941
  },
  "midas_s_21122.1": {
    "correlation": -0.6166666666666666,
    "p_value": 0.07692880993776309
  },
  "midas_s_26433.1": {
    "correlation": -0.6039900012157713,
    "p_value": 0.08498419639332787
  },
  "midas_s_22737.1": {
    "correlation": -0.59336610396393,
    "p_value": 0.09212027344886972
  },
  "Azoarcus.1": {
    "correlation": 0.5842373946721772,
    "p_value": 0.09853604260848557
  },
  "Burkholderiales.1": {
    "correlation": -0.5833333333333334,
    "p_value": 0.09918581647988323
  },
  "midas_s_3064.1": {
    "correlation": -0.5833333333333334,
    "p_value": 0.09918581647988323
  },
  "midas_g_1743.1": {
    "correlation": 0.5833333333333334,
    "p_value": 0.09918581647988323
  },
  "Desulfuromonadaceae.1": {
    "correlation": 0.5666666666666667,
    "p_value": 0.11163298761149111
  },
  "Comamonadaceae.1": {
    "correlation": 0.565752381856018,
    "p_value": 0.11234164502532493
  },
  "midas_s_36575.1": {
    "correlation": -0.5499999999999999,
    "p_value": 0.12497678418833198
  },
  "Syntrophorhabdus.1": {
    "correlation": 0.5424508028966483,
    "p_value": 0.13131862525868898
  },
  "midas_s_92051.1": {
    "correlation": -0.5294651389216606,
    "p_value": 0.14266456205626749
  },
  "Desulfovibrio_sulfodismutans.1": {
    "correlation": 0.5254992153061281,
    "p_value": 0.1462402583123162
  },
  "Leucobacter.1": {
    "correlation": 0.5222329678670935,
    "p_value": 0.14922405449954335
  },
  "midas_g_75908.1": {
    "correlation": -0.5085476277156078,
    "p_value": 0.1621088989410882
  },
  "midas_s_5446.2": {
    "correlation": -0.5048252022715237,
    "p_value": 0.16572067687251046
  },
  "midas_s_40737.1": {
    "correlation": -0.49507377148833714,
    "p_value": 0.175399548242805
  },
  "Syner-01.2": {
    "correlation": 0.48333333333333334,
    "p_value": 0.18746985521554207
  },
  "Mycobacterium.1": {
    "correlation": 0.47871355387816905,
    "p_value": 0.19234430144477085
  },
  "midas_s_70352.1": {
    "correlation": -0.474692883171144,
    "p_value": 0.19664393651789913
  },
  "Dethiobacteraceae.1": {
    "correlation": -0.4666666666666666,
    "p_value": 0.20538635110581185
  },
  "midas_s_1625.1": {
    "correlation": -0.45546786976927023,
    "p_value": 0.21793828553902453
  },
  "midas_s_5446.3": {
    "correlation": 0.43817804600413285,
    "p_value": 0.23812246098685602
  },
  "midas_s_7659.1": {
    "correlation": 0.4336136913582565,
    "p_value": 0.24361299212638993
  },
  "Syntrophobacter_sulfatireducens.1": {
    "correlation": -0.43333333333333335,
    "p_value": 0.2439524358800516
  },
  "midas_s_113358.1": {
    "correlation": 0.4184137043778615,
    "p_value": 0.2623814171891539
  },
  "Desulfitibacter.1": {
    "correlation": -0.41778637429367477,
    "p_value": 0.26317193961167323
  },
  "Halothiobacillus_neapolitanus.1": {
    "correlation": 0.41666666666666663,
    "p_value": 0.26458604674749614
  },
  "Ochrobactrum.1": {
    "correlation": 0.41666666666666663,
    "p_value": 0.26458604674749614
  },
  "midas_s_360.1": {
    "correlation": 0.41666666666666663,
    "p_value": 0.26458604674749614
  },
  "Acetoanaerobium.1": {
    "correlation": 0.41666666666666663,
    "p_value": 0.26458604674749614
  },
  "midas_s_101116.1": {
    "correlation": -0.38988651458196605,
    "p_value": 0.29958875858631395
  },
  "Thauera.2": {
    "correlation": 0.38340579025361626,
    "p_value": 0.30839607095608057
  },
  "Mesotoga_infera.1": {
    "correlation": 0.38333333333333336,
    "p_value": 0.30849527238037144
  },
  "Desulfovibrio.1": {
    "correlation": -0.3666666666666667,
    "p_value": 0.33173980143301507
  },
  "midas_s_3679.1": {
    "correlation": -0.3666666666666667,
    "p_value": 0.33173980143301507
  },
  "midas_s_46586.2": {
    "correlation": -0.3651483716701107,
    "p_value": 0.3338991406915331
  },
  "midas_s_114539.1": {
    "correlation": 0.35598333940092547,
    "p_value": 0.34708012239835
  },
  "Methanobacterium_beijingense.3": {
    "correlation": -0.35,
    "p_value": 0.35581957250178897
  },
  "midas_s_49937.1": {
    "correlation": -0.35,
    "p_value": 0.35581957250178897
  },
  "midas_s_99172.1": {
    "correlation": 0.35,
    "p_value": 0.35581957250178897
  },
  "midas_s_22225.1": {
    "correlation": -0.3468909530866052,
    "p_value": 0.36040222769407376
  },
  "midas_s_20752.1": {
    "correlation": -0.3468909530866052,
    "p_value": 0.36040222769407376
  },
  "Syntrophomonas.2": {
    "correlation": -0.3468909530866052,
    "p_value": 0.36040222769407376
  },
  "midas_s_92454.1": {
    "correlation": -0.34309923758984645,
    "p_value": 0.36602924302380374
  },
  "midas_s_91638.1": {
    "correlation": 0.34309923758984645,
    "p_value": 0.36602924302380374
  },
  "midas_s_52426.1": {
    "correlation": 0.33665016461206926,
    "p_value": 0.37569534150728556
  },
  "midas_s_5996.1": {
    "correlation": 0.33333333333333337,
    "p_value": 0.38071318167686347
  },
  "midas_s_269.1": {
    "correlation": 0.31799441532717476,
    "p_value": 0.4043225359679229
  },
  "Methanobacterium_beijingense.1": {
    "correlation": 0.31666666666666665,
    "p_value": 0.4063970144863861
  },
  "midas_s_91453.1": {
    "correlation": -0.31666666666666665,
    "p_value": 0.4063970144863861
  },
  "Campylobacterales.1": {
    "correlation": 0.31037611591959413,
    "p_value": 0.4162911190557079
  },
  "Thiobacillus.1": {
    "correlation": 0.30125786715206027,
    "p_value": 0.43082315771331503
  },
  "midas_s_91583.1": {
    "correlation": 0.3,
    "p_value": 0.4328453267094823
  },
  "midas_s_14041.1": {
    "correlation": 0.3,
    "p_value": 0.4328453267094823
  },
  "midas_s_5149.1": {
    "correlation": 0.3,
    "p_value": 0.4328453267094823
  },
  "midas_s_119364.1": {
    "correlation": 0.3,
    "p_value": 0.4328453267094823
  },
  "Leptonema_illini.1": {
    "correlation": -0.2970442628930023,
    "p_value": 0.43761351740791987
  },
  "midas_s_18280.1": {
    "correlation": 0.2833333333333333,
    "p_value": 0.46003032896571994
  },
  "midas_s_38974.2": {
    "correlation": -0.27386127875258304,
    "p_value": 0.47579723851802413
  },
  "Methanothrix_harundinacea.3": {
    "correlation": -0.27122540144832413,
    "p_value": 0.480224692367622
  },
  "Soehngenia.1": {
    "correlation": 0.2677847708018314,
    "p_value": 0.4860296141888535
  },
  "Methanobacterium.1": {
    "correlation": 0.26666666666666666,
    "p_value": 0.4879222748387009
  },
  "midas_s_14202.1": {
    "correlation": 0.26666666666666666,
    "p_value": 0.4879222748387009
  },