{
  "midas_s_114539.1": {
    "correlation": -0.766784765751619,
    "p_value": 0.001375643928420875
  },
  "Xanthobacter.1": {
    "correlation": -0.6970052443764142,
    "p_value": 0.005599239215317412
  },
  "midas_s_5996.1": {
    "correlation": -0.6901912065399995,
    "p_value": 0.006293479833803345
  },
  "midas_s_360.1": {
    "correlation": -0.6659352855433863,
    "p_value": 0.009322822833972145
  },
  "Methanobacteriaceae.1": {
    "correlation": -0.6637302018164215,
    "p_value": 0.009645737473925524
  },
  "midas_s_119364.1": {
    "correlation": -0.6637302018164215,
    "p_value": 0.009645737473925524
  },
  "midas_s_101322.1": {
    "correlation": -0.6578825155800266,
    "p_value": 0.01054392695286426
  },
  "Leucobacter.1": {
    "correlation": -0.642243291059477,
    "p_value": 0.013263701056049054
  },
  "midas_s_102854.1": {
    "correlation": -0.6372691970928432,
    "p_value": 0.014232247524146984
  },
  "EBM-39.1": {
    "correlation": -0.6284488621849836,
    "p_value": 0.016081465371112918
  },
  "midas_s_5149.1": {
    "correlation": -0.6247255839810755,
    "p_value": 0.016914702543726973
  },
  "midas_s_99172.1": {
    "correlation": -0.6179405782501589,
    "p_value": 0.018517011359937934
  },
  "Comamonadaceae.1": {
    "correlation": -0.5936361761679148,
    "p_value": 0.02521401565041631
  },
  "Methanobacterium_beijingense.2": {
    "correlation": 0.5865522713726515,
    "p_value": 0.027470051958397728
  },
  "Enterobacteriaceae.1": {
    "correlation": 0.5462394906274574,
    "p_value": 0.043286581973257146
  },
  "midas_s_14202.1": {
    "correlation": -0.5402455131063896,
    "p_value": 0.04611035217999773
  },
  "Desulfovibrio_sulfodismutans.1": {
    "correlation": -0.5384587288160254,
    "p_value": 0.046977518706534487
  },
  "midas_s_269.1": {
    "correlation": -0.5315617877420723,
    "p_value": 0.05043651170843546
  },
  "midas_s_56159.1": {
    "correlation": -0.5270150107446004,
    "p_value": 0.052815703128262066
  },
  "Methanobacterium_beijingense.11": {
    "correlation": 0.5250996013418999,
    "p_value": 0.053841922367104986
  },
  "midas_g_824.1": {
    "correlation": -0.5139509898484413,
    "p_value": 0.06010325329581003
  },
  "midas_s_18280.1": {
    "correlation": -0.5049641734749518,
    "p_value": 0.06551854865513534
  },
  "midas_s_1625.1": {
    "correlation": 0.5015612062573522,
    "p_value": 0.06765731894408093
  },
  "Mesotoga_infera.1": {
    "correlation": -0.4983489222940573,
    "p_value": 0.06972149984748471
  },
  "Firmicutes.1": {
    "correlation": 0.4961438385670925,
    "p_value": 0.07116415537940726
  },
  "midas_s_32633.1": {
    "correlation": -0.48351396056949214,
    "p_value": 0.07983799894178914
  },
  "Pseudarcobacter.1": {
    "correlation": -0.4727011273226446,
    "p_value": 0.08783460357307005
  },
  "midas_s_3679.1": {
    "correlation": 0.46968283384351417,
    "p_value": 0.09016320072145717
  },
  "midas_s_38974.1": {
    "correlation": -0.46747775011654935,
    "p_value": 0.09189141076517864
  },
  "midas_s_42539.1": {
    "correlation": -0.46231716166468206,
    "p_value": 0.09602589281840514
  },
  "midas_s_8128.1": {
    "correlation": -0.46086249893565473,
    "p_value": 0.09721425817605615
  },
  "Desulfovibrio.1": {
    "correlation": -0.4454269128469008,
    "p_value": 0.11045708522650627
  },
  "LNR_A2-18.2": {
    "correlation": 0.4454269128469008,
    "p_value": 0.11045708522650627
  },
  "midas_s_101116.1": {
    "correlation": 0.44075331566946824,
    "p_value": 0.11469879679611798
  },
  "Petrimonas_sulfuriphila.1": {
    "correlation": -0.4314512647968477,
    "p_value": 0.12346915835877745
  },
  "midas_s_94642.1": {
    "correlation": 0.42936086955589814,
    "p_value": 0.1255007946550009
  },
  "Endomicrobium.1": {
    "correlation": -0.42715335865843856,
    "p_value": 0.12767066014554998
  },
  "Acetoanaerobium.1": {
    "correlation": -0.4233760755772522,
    "p_value": 0.131441969727936
  },
  "midas_s_46673.1": {
    "correlation": 0.4189659081233225,
    "p_value": 0.13593909061383366
  },
  "midas_s_40737.1": {
    "correlation": 0.4188601136113905,
    "p_value": 0.13604821982671747
  },
  "Proteiniborus_ethanoligenes.1": {
    "correlation": -0.41880123352357534,
    "p_value": 0.136108981256697
  },
  "Ochrobactrum.1": {
    "correlation": -0.4186049078468819,
    "p_value": 0.136311711278006
  },
  "Soehngenia.2": {
    "correlation": -0.4139172541238834,
    "p_value": 0.14121245394658768
  },
  "midas_s_91583.1": {
    "correlation": -0.4123506569424279,
    "p_value": 0.14287610610577983
  },
  "Methanobacterium_beijingense.1": {
    "correlation": -0.3969150708536739,
    "p_value": 0.15996775643293473
  },
  "LNR_A2-18.1": {
    "correlation": 0.3792744010379551,
    "p_value": 0.18108088386611082
  },
  "midas_s_27766.1": {
    "correlation": 0.3777684757432185,
    "p_value": 0.18296234495705294
  },
  "midas_s_90665.1": {
    "correlation": 0.3743641406650596,
    "p_value": 0.1872618191076534
  },
  "Stappia.1": {
    "correlation": -0.3726591498570605,
    "p_value": 0.18943923924867465
  },
  "midas_s_5574.1": {
    "correlation": 0.3726591498570605,
    "p_value": 0.18943923924867465
  },
  "Mesotoga_infera.2": {
    "correlation": 0.3726591498570605,
    "p_value": 0.18943923924867465
  },
  "Aminivibrio_pyruvatiphilus.1": {
    "correlation": -0.3726591498570605,
    "p_value": 0.18943923924867465
  },
  "midas_s_20752.1": {
    "correlation": 0.37210893499840264,
    "p_value": 0.19014535156464074
  },
  "Halothiobacillus_neapolitanus.1": {
    "correlation": 0.3704540661300957,
    "p_value": 0.19227923797518534
  },
  "midas_s_49937.1": {
    "correlation": -0.3682489824031308,
    "p_value": 0.19514625401094743
  },
  "midas_s_96264.1": {
    "correlation": -0.3682489824031308,
    "p_value": 0.19514625401094743
  },
  "Methanothrix.1": {
    "correlation": -0.36604389867616594,
    "p_value": 0.1980403299335493
  },
  "Methanosarcina.3": {
    "correlation": 0.364919207860796,
    "p_value": 0.19952687106092656
  },
  "Soehngenia.1": {
    "correlation": -0.3634447346867502,
    "p_value": 0.20148641933015232
  },
  "Desulfovibrio_aminophilus.1": {
    "correlation": -0.35942864749527137,
    "p_value": 0.20688530510573497
  },
  "midas_s_3064.1": {
    "correlation": -0.3521596843791228,
    "p_value": 0.21688667643789458
  },
  "midas_s_84837.3": {
    "correlation": -0.3417905256724358,
    "p_value": 0.2316670505409016
  },
  "midas_s_876.1": {
    "correlation": -0.33922067209595125,
    "p_value": 0.23542369799738755
  },
  "Acetobacterium.1": {
    "correlation": 0.3373778102256228,
    "p_value": 0.23814051507944467
  },
  "Clostridium_citroniae.1": {
    "correlation": -0.3373778102256228,
    "p_value": 0.23814051507944467
  },
  "Syntrophomonas.2": {
    "correlation": 0.33623565284421214,
    "p_value": 0.2398339280908218
  },
  "midas_s_22737.1": {
    "correlation": 0.3343741375049014,
    "p_value": 0.24260964074675528
  },
  "midas_s_14041.1": {
    "correlation": -0.3285574753177634,
    "p_value": 0.25140867967450947
  },
  "Syner-01.1": {
    "correlation": -0.32635239159079854,
    "p_value": 0.2547941904526401
  },
  "Propionicicella.1": {
    "correlation": -0.3255815949920193,
    "p_value": 0.25598406846857935
  },
  "midas_s_91453.1": {
    "correlation": -0.32229659102910607,
    "p_value": 0.2610926247316384
  },
  "midas_s_47294.1": {
    "correlation": -0.3199006506798155,
    "p_value": 0.264856877930699
  },
  "Petrimonas_sulfuriphila.2": {
    "correlation": 0.3178909053743781,
    "p_value": 0.26803927574358233
  },
  "midas_s_59647.1": {
    "correlation": -0.3144319756973178,
    "p_value": 0.2735695730256468
  },
  "midas_g_1743.1": {
    "correlation": -0.3109168055020446,
    "p_value": 0.27925858683924587
  },
  "midas_s_825.1": {
    "correlation": -0.308963176332007,
    "p_value": 0.28245032008954835
  },
  "midas_s_9526.1": {
    "correlation": -0.30430155432115,