{
  "midas_s_46918.1": {
    "correlation": -0.6703296703296703,
    "p_value": 0.008704233809858863
  },
  "midas_s_4976.1": {
    "correlation": -0.6474242815111864,
    "p_value": 0.01230933846424926
  },
  "midas_s_47294.4": {
    "correlation": -0.6001515534249985,
    "p_value": 0.023264390848355646
  },
  "Desulfovibrio.1": {
    "correlation": -0.5824175824175825,
    "p_value": 0.028854655357671764
  },
  "Clostridium_citroniae.1": {
    "correlation": 0.5252747252747253,
    "p_value": 0.05374750176788299
  },
  "Sulfuricurvum.1": {
    "correlation": -0.519957606679595,
    "p_value": 0.056668117755260004
  },
  "midas_s_96264.1": {
    "correlation": -0.4945054945054946,
    "p_value": 0.07224967403413257
  },
  "midas_s_56159.1": {
    "correlation": -0.48571428571428577,
    "p_value": 0.07827588645863327
  },
  "midas_s_49937.1": {
    "correlation": -0.47252747252747257,
    "p_value": 0.08796742461254232
  },
  "midas_s_91453.1": {
    "correlation": -0.45764604150778004,
    "p_value": 0.09987801229644964
  },
  "midas_s_47294.1": {
    "correlation": 0.43810665666170495,
    "p_value": 0.11714952268334218
  },
  "Stappia.1": {
    "correlation": -0.39780219780219783,
    "p_value": 0.1589507745108348
  },
  "midas_s_114924.1": {
    "correlation": -0.39701196569131636,
    "p_value": 0.1598564712959951
  },
  "Syner-01.2": {
    "correlation": 0.39603984361250194,
    "p_value": 0.16097527093600092
  },
  "EBM-39.1": {
    "correlation": -0.3934065934065934,
    "p_value": 0.16403157340077784
  },
  "Acetobacterium.1": {
    "correlation": 0.3934065934065934,
    "p_value": 0.16403157340077784
  },
  "Syntrophorhabdus.1": {
    "correlation": 0.38202002407785074,
    "p_value": 0.17768276292412646
  },
  "midas_s_57644.1": {
    "correlation": 0.37652102552660327,
    "p_value": 0.18453035990797756
  },
  "midas_s_79195.1": {
    "correlation": 0.3751573889147756,
    "p_value": 0.1862542631077342
  },
  "Enterobacteriaceae.1": {
    "correlation": 0.366007208697342,
    "p_value": 0.19808871302494596
  },
  "midas_s_92051.1": {
    "correlation": -0.34500484066310094,
    "p_value": 0.22702064749640372
  },
  "midas_s_113358.1": {
    "correlation": 0.3444657084160944,
    "p_value": 0.2277959238116007
  },
  "midas_s_32633.1": {
    "correlation": -0.33101391836662153,
    "p_value": 0.24766949696724938
  },
  "midas_s_100693.1": {
    "correlation": 0.33041641015599876,
    "p_value": 0.24857589217537876
  },
  "midas_s_3064.1": {
    "correlation": -0.32009141989854006,
    "p_value": 0.2645559781108103
  },
  "midas_s_26433.1": {
    "correlation": -0.31214723679042466,
    "p_value": 0.2772593519902312
  },
  "Proteiniborus_ethanoligenes.1": {
    "correlation": -0.29937288205216506,
    "p_value": 0.29842791713791034
  },
  "Firmicutes.2": {
    "correlation": -0.2923076923076923,
    "p_value": 0.3105263203858819
  },
  "midas_s_95280.1": {
    "correlation": 0.28136804168608165,
    "p_value": 0.3298038147735459
  },
  "midas_g_1743.1": {
    "correlation": 0.27472527472527475,
    "p_value": 0.34182974371948127
  },
  "midas_g_75908.1": {
    "correlation": -0.2629877593660106,
    "p_value": 0.36366382688303556
  },
  "Azoarcus.1": {
    "correlation": -0.26043006812668024,
    "p_value": 0.36851978400616436
  },
  "Thiobacillus.1": {
    "correlation": 0.25962611970152905,
    "p_value": 0.37005333670622587
  },
  "Desulfovibrio.2": {
    "correlation": 0.25869811957950295,
    "p_value": 0.3718277933162377
  },
  "Petrimonas_sulfuriphila.1": {
    "correlation": -0.2577936914597868,
    "p_value": 0.3735615759500771
  },
  "midas_s_93835.1": {
    "correlation": 0.25742589834812624,
    "p_value": 0.3742678732916349
  },
  "Methanothrix.1": {
    "correlation": -0.2571428571428571,
    "p_value": 0.3748119038799703
  },
  "midas_s_8102.1": {
    "correlation": -0.25557133205065075,
    "p_value": 0.37784022592087785
  },
  "midas_s_9526.1": {
    "correlation": 0.2527472527472528,
    "p_value": 0.3833149644785111
  },
  "midas_s_84729.1": {
    "correlation": 0.2527472527472528,
    "p_value": 0.3833149644785111
  },
  "midas_s_114219.1": {
    "correlation": -0.24835164835164836,
    "p_value": 0.39191953893845743
  },
  "midas_s_31096.1": {
    "correlation": -0.2355700973684259,
    "p_value": 0.41750885807651905
  },
  "Ochrobactrum.1": {
    "correlation": 0.2317903385472186,
    "p_value": 0.42523600332211353
  },
  "midas_s_101322.1": {
    "correlation": 0.2279617093324333,
    "p_value": 0.43313632773734756
  },
  "midas_s_25887.1": {
    "correlation": -0.22637362637362637,
    "p_value": 0.4364347945560526
  },
  "midas_s_76790.1": {
    "correlation": 0.21854517634452042,
    "p_value": 0.45287661279127966
  },
  "Comamonadaceae.1": {
    "correlation": 0.21259350420889844,
    "p_value": 0.4655764938578252
  },
  "Methanobacterium_beijingense.11": {
    "correlation": 0.21112414386792885,
    "p_value": 0.46873805483819875
  },
  "Propionicicella.1": {
    "correlation": 0.2053000141418222,
    "p_value": 0.4813702970987651
  },
  "midas_s_99172.1": {
    "correlation": 0.2053000141418222,
    "p_value": 0.4813702970987651
  },
  "midas_s_22225.1": {
    "correlation": 0.20201584723845287,
    "p_value": 0.4885636416527247
  },
  "midas_g_9269.1": {
    "correlation": -0.20130396478353813,
    "p_value": 0.4901294876788168
  },
  "midas_s_84394.1": {
    "correlation": -0.19672887467482134,
    "p_value": 0.5002484038528437
  },
  "midas_s_21122.1": {
    "correlation": -0.19646990600669006,
    "p_value": 0.5008240361525407
  },
  "midas_s_22101.1": {
    "correlation": -0.195555000554213,
    "p_value": 0.5028601145477312
  },
  "Campylobacterales.1": {
    "correlation": -0.1947986515308665,
    "p_value": 0.5045461963052571
  },
  "midas_s_83426.1": {
    "correlation": -0.18986623951174617,
    "p_value": 0.51560477834775
  },
  "Syntrophobacter_sulfatireducens.1": {
    "correlation": -0.18681318681318684,
    "p_value": 0.5225040123791591
  },
  "midas_s_36575.1": {
    "correlation": -0.18681318681318684,
    "p_value": 0.5225040123791591
  },
  "midas_s_46586.2": {
    "correlation": -0.18541076471010187,
    "p_value": 0.5256869160832672
  },
  "Methanobacterium_beijingense.1": {
    "correlation": -0.1824175824175824,
    "p_value": 0.5325088185186945
  },
  "midas_s_96664.1": {
    "correlation": -0.1824175824175824,
    "p_value": 0.5325088185186945
  },
  "midas_s_90665.1": {
    "correlation": 0.18206844879185347,
    "p_value": 0.5333070705396186
  },
  "Soehngenia.1": {
    "correlation": -0.17334403391261524,
    "p_value": 0.5534229451337591
  },
  "Methanospirillum_hungatei.1": {
    "correlation": -0.17161162387947226,
    "p_value": 0.5574553573722755
  },
  "Methanosarcina.3": {
    "correlation": 0.17161162387947226,
    "p_value": 0.5574553573722755
  },
  "midas_s_27766.1": {
    "correlation": 0.17161162387947226,
    "p_value": 0.5574553573722755
  },
  "Petrimonas_sulfuriphila.2": {
    "correlation": 0.1713289344789549,
    "p_value": 0.5581145306855073
  },
  "Mycobacterium.1": {
    "correlation": 0.16663499106857255,
    "p_value": 0.5691076079763782
  },
  "midas_s_538.1": {
    "correlation": -0.16648888883829396,
    "p_value": 0.56945121004783
  },
  "Firmicutes.1": {
    "correlation": -0.16483516483516483,
    "p_value": 0.5733464050131383
  },
  "midas_s_30888.1": {
    "correlation": -0.163073033312968,
    "p_value": 0.5775089699315211
  },
  "Methanobacterium_beijingense.3": {
    "correlation": 0.16043956043956045,
    "p_value": 0.5837527526413409
  },
  "Syntrophomonas.2": {
    "correlation": 0.16012815380508713,
    "p_value": 0.5844928773057769
  },
  "midas_s_38974.2": {
    "correlation": -0.15624341875593742,
    "p_value": 0.593757438904853
  },
  "Desulfovibrio_aminophilus.1": {
    "correlation": 0.15604395604395604,
    "p_value": 0.594234700580851
  },
  "midas_s_14202.1": {
    "correlation": 0.15604395604395604,